,1995,1996,1997,1998,1999,2000,2001,2002,2003,2004,2005,2006,2007,2008,2009,2010,2011,2012,2013,2014,2015,2016,2017,2018,2019,2020,2021,2022,2023,2024
1,40.46,33.692,36.896,36.482,38.264,37.598,32.36,37.688,36.248,38.660000000000004,36.518,35.438,41.162,35.582,33.872,36.392,33.368,40.298,38.192,35.258,37.994,41.666,37.508,34.304,39.308,38.804,39.074,40.46,36.212,42.098
2,40.352000000000004,33.602,36.788,36.266,37.166,37.634,32.36,37.292,36.176,38.678,36.518,35.528,41.234,35.456,33.872,36.05,33.044,39.902,37.814,34.484,37.958,41.432,37.49,34.214,39.308,38.786,38.894,40.388,36.176,41.918
3,40.244,33.548,36.698,36.122,36.608,37.525999999999996,32.36,37.202,35.978,38.696,36.878,35.834,41.234,34.952,33.494,35.78,34.43,39.506,37.49,33.368,37.868,41.198,37.418,33.782,39.326,38.714,38.822,40.370000000000005,36.194,41.612
4,40.117999999999995,32.882,36.644,36.014,36.194,37.4,32.36,36.86,35.87,38.714,36.806,35.852000000000004,41.198,34.97,33.494,35.438,33.494,39.29,37.364,33.152,37.903999999999996,40.766,37.31,33.098,39.308,38.588,38.714,40.334,36.194,41.45
5,39.704,32.666,36.59,35.942,35.87,37.202,32.36,36.644,35.636,38.75,36.698,35.888,41.144,35.024,33.422,33.44,34.25,39.254,37.292,33.674,37.418,40.46,37.076,32.738,39.2,38.462,38.588,40.1,36.230000000000004,41.306
6,39.362,32.396,36.536,35.852000000000004,35.186,37.022,32.36,36.464,35.474000000000004,37.778,36.932,35.762,41.0,35.042,33.368,33.404,33.908,39.217999999999996,37.256,33.53,36.806,40.334,36.338,32.36,39.146,38.408,38.408,39.506,36.230000000000004,41.216
7,39.002,32.396,36.482,35.816,34.772,36.86,32.36,36.122,35.168,37.652,36.68,35.69,40.891999999999996,35.132,33.404,33.188,33.638,39.128,37.22,32.846,36.230000000000004,40.316,35.906,32.36,39.056,38.318,38.318,38.822,36.068,41.054
8,38.714,32.396,36.482,35.762,34.52,36.806,32.36,35.78,35.078,37.562,36.59,35.653999999999996,40.784,35.204,33.17,33.17,33.494,38.876,37.166,32.576,35.132,40.334,35.402,32.648,38.876,38.156,38.21,38.552,35.906,40.82
9,38.084,32.396,36.446,35.87,32.36,36.374,32.36,35.852000000000004,35.006,36.95,36.5,35.69,40.604,35.258,33.062,33.998,33.08,38.984,37.292,32.432,34.484,40.316,35.132,32.666,38.57,38.012,38.138,38.444,35.78,40.424
10,36.86,32.396,36.428,35.978,32.36,36.374,32.36,36.176,34.196,37.058,36.446,35.798,40.388,35.204,33.062,33.926,33.134,39.11,37.346000000000004,32.432,33.476,40.226,34.538,32.702,38.156,38.012,38.084,38.3,35.744,39.938
11,36.158,32.396,35.275999999999996,36.05,32.36,36.374,32.36,36.536,33.98,38.03,36.284,35.924,40.19,36.068,32.882,33.872,33.152,39.164,37.418,32.414,33.116,40.028,34.556,32.36,37.796,38.012,37.958,37.562,35.708,39.56
12,35.653999999999996,32.378,34.664,36.032000000000004,32.36,36.32,32.36,36.572,33.836,38.75,36.122,36.14,39.956,35.996,32.882,32.36,33.062,39.056,37.418,32.432,33.008,39.578,34.736,32.882,37.49,37.994,37.742,37.202,35.69,39.2
13,35.258,32.36,34.322,35.996,32.36,36.158,32.36,36.104,33.728,37.58,36.122,36.032000000000004,39.542,35.924,32.36,32.882,33.044,38.786,37.364,32.63,32.54,39.074,34.898,32.522,37.616,38.012,37.562,36.752,35.708,39.074
14,35.006,32.36,34.106,35.924,32.36,35.978,32.36,35.96,32.36,37.616,35.618,35.726,39.038,35.906,32.36,32.36,32.846,38.282000000000004,37.256,32.666,32.504,38.588,34.79,32.432,37.418,38.012,37.436,36.482,35.636,38.768
15,34.826,32.36,32.36,35.888,32.612,35.78,32.36,35.762,32.36,38.012,35.528,35.51,38.606,35.924,32.36,32.36,32.36,37.814,37.058,32.666,32.504,38.228,34.952,32.396,37.058,37.958,37.382,36.05,35.456,38.048
16,34.736,32.36,32.36,35.852000000000004,32.36,35.564,32.36,35.582,32.36,35.024,35.474000000000004,35.618,38.336,35.906,32.36,32.36,32.846,37.508,37.004,32.648,32.36,37.598,34.286,32.378,36.662,37.886,37.31,35.744,35.438,37.436
17,34.664,32.36,32.36,35.762,32.36,35.42,32.36,35.42,32.36,35.06,35.402,35.456,38.138,35.852000000000004,32.36,32.36,32.36,37.652,36.842,32.558,32.36,37.058,34.322,32.414,35.996,37.688,37.22,35.798,35.708,36.769999999999996
18,34.592,32.36,32.36,35.672,32.36,35.275999999999996,32.36,35.168,32.36,35.114,33.908,35.402,38.03,35.672,32.36,32.36,32.666,37.67,36.608,32.54,32.36,36.284,34.826,32.45,35.834,37.364,37.022,35.582,35.816,36.482
19,34.556,32.36,32.36,35.6,32.36,34.682,32.36,35.024,32.36,35.294,33.836,35.33,36.32,35.528,32.36,32.36,32.666,37.544,36.356,32.36,32.468,35.546,34.916,32.36,35.168,36.95,36.824,35.186,35.87,35.708
20,34.538,32.36,32.36,35.528,32.36,34.34,32.36,34.862,32.36,32.378,33.71,35.222,36.230000000000004,35.204,32.36,32.36,32.594,37.184,35.942,32.36,32.468,35.24,35.186,32.36,34.7,36.554,36.698,34.628,35.888,35.438
21,34.52,32.36,32.36,35.492,32.36,34.106,32.36,34.574,32.36,32.378,32.36,35.096000000000004,36.068,33.296,32.36,32.36,32.648,36.302,35.653999999999996,32.36,32.432,34.88,35.294,32.36,34.376,36.374,36.644,34.25,35.816,35.366
22,34.52,32.36,32.36,35.438,32.36,33.332,32.36,34.34,32.36,32.396,32.36,35.132,35.942,33.206,32.36,32.36,32.576,36.284,34.916,32.36,32.432,34.646,35.33,32.378,34.088,36.230000000000004,36.572,34.34,35.798,34.844
23,34.502,32.36,32.36,35.42,32.36,33.044,32.36,34.304,32.36,32.36,32.36,35.402,35.726,32.972,32.36,32.36,32.468,36.41,34.07,32.36,32.396,34.61,35.168,32.378,34.106,36.32,36.284,33.998,35.744,34.826
24,34.502,32.36,32.36,35.348,32.36,32.936,32.36,34.448,32.36,32.36,32.36,35.312,35.564,32.792,32.36,32.36,32.36,36.32,33.998,32.36,32.414,34.484,35.024,32.36,34.412,36.518,35.708,33.71,35.744,34.556
25,34.484,32.36,32.36,35.294,32.36,32.882,32.36,34.592,32.36,32.36,32.36,35.132,35.528,32.738,32.36,32.36,32.36,36.14,33.656,32.36,32.558,34.646,34.88,32.36,33.854,36.194,35.618,33.422,35.69,34.628
26,34.466,32.36,32.36,35.24,32.36,32.36,32.36,34.844,32.36,32.36,32.36,34.97,34.646,32.72,32.36,32.36,32.36,34.178,33.512,32.36,32.576,34.538,34.79,32.774,33.332,35.978,35.6,33.116,35.492,34.718
27,34.448,32.36,32.36,35.186,32.36,32.36,32.36,35.096000000000004,32.36,32.36,32.36,34.916,34.52,32.648,32.36,32.36,32.36,35.87,33.764,32.36,32.36,34.52,34.682,32.81,33.278,35.942,35.51,33.062,35.24,34.79
28,34.448,32.36,32.36,35.006,32.36,32.36,32.36,35.168,32.36,32.36,32.36,35.006,34.358,32.36,32.36,32.36,32.36,35.834,33.692,32.36,32.36,34.61,34.52,32.828,32.828,35.888,35.348,32.972,35.042,34.916
29,34.448,32.36,32.36,34.934,32.36,32.36,32.36,34.97,32.36,32.36,32.36,35.06,34.304,32.36,32.36,32.36,32.36,35.816,34.07,32.36,32.36,34.43,34.448,32.738,32.828,35.834,35.132,32.72,34.898,35.294
30,34.448,32.36,32.36,34.88,32.36,32.36,32.36,34.79,32.36,32.36,32.36,35.06,33.152,32.36,32.36,32.36,32.36,35.834,33.962,32.36,32.36,34.304,34.376,32.666,32.54,35.744,34.628,32.576,34.718,35.312
31,32.36,32.36,32.36,34.664,32.36,32.36,32.36,34.682,32.36,32.36,32.36,35.078,33.134,32.36,32.36,32.36,32.36,35.726,34.286,32.36,32.36,34.646,34.412,32.378,32.414,35.69,34.592,32.36,34.43,35.258
32,32.36,32.36,32.36,33.854,32.36,32.36,32.36,34.592,32.36,32.36,32.36,35.132,33.116,32.36,32.36,32.36,32.36,35.798,34.214,32.36,32.36,35.06,34.43,32.666,32.36,35.708,34.574,32.36,34.43,35.204
33,32.36,32.36,32.36,33.602,32.63,32.36,32.36,34.466,32.36,32.36,32.36,35.6,32.36,32.36,32.36,32.36,32.36,36.014,34.142,32.36,32.36,35.15,34.358,32.738,32.36,35.834,34.502,32.522,34.232,35.456
34,32.36,32.36,32.36,33.584,32.648,32.36,32.36,34.358,32.36,32.36,32.36,34.88,32.36,32.36,32.36,32.36,32.36,36.05,34.034,32.36,32.36,35.438,34.142,32.774,32.576,35.87,34.502,32.666,34.268,35.582
35,32.36,32.36,32.36,33.656,32.666,32.36,32.36,34.232,32.36,32.36,32.36,34.844,32.36,32.36,32.36,32.36,32.36,36.14,33.854,32.36,32.36,35.438,33.782,32.36,32.45,35.798,34.43,32.45,33.656,35.618
36,32.36,32.36,32.36,33.8,32.684,32.36,32.36,34.106,32.36,32.36,32.36,34.772,32.36,32.36,32.36,32.36,32.36,36.122,32.702,32.36,32.36,35.222,33.728,32.36,32.36,35.636,34.43,32.36,33.494,35.69
37,34.34,32.36,32.36,34.304,32.702,32.36,32.36,33.998,32.36,32.36,32.36,34.772,32.36,32.36,32.36,32.36,32.36,36.248,32.72,32.36,32.36,35.15,33.53,32.36,32.54,35.528,33.998,32.36,33.746,35.888
38,32.36,32.36,32.324,34.394,32.756,32.36,32.36,33.998,32.36,32.36,32.414,34.088,32.36,32.36,32.36,32.36,32.36,36.266,32.648,32.36,32.36,35.132,33.458,32.36,32.504,35.366,33.638,32.486,33.782,35.996
39,32.36,32.36,32.36,34.304,32.81,32.36,32.36,33.998,32.36,32.36,32.36,33.98,32.36,32.36,32.36,32.36,32.36,36.014,32.774,32.36,32.36,35.132,33.332,32.36,32.486,35.168,33.494,32.522,33.998,36.014
40,32.36,32.36,32.36,34.07,32.846,32.36,32.36,34.124,32.36,32.36,32.36,33.944,32.36,32.36,32.36,32.36,32.36,35.816,32.666,32.36,32.36,35.096000000000004,33.944,32.36,32.36,35.06,32.576,32.504,34.142,36.032000000000004
41,32.36,32.36,32.36,33.872,33.026,32.36,32.36,33.854,32.36,32.36,32.36,33.818,32.36,32.36,32.36,32.36,32.36,35.708,32.504,32.36,32.36,34.97,34.052,32.36,32.36,35.006,32.684,32.468,34.394,36.068
42,32.36,32.36,32.36,33.638,33.08,32.36,32.36,33.62,32.36,32.36,32.36,33.728,32.36,32.36,32.36,32.36,32.36,35.492,32.612,32.36,32.36,34.754,34.106,32.36,32.36,34.97,32.684,32.45,34.88,36.122
43,32.36,32.36,32.36,33.476,33.098,32.36,32.36,33.53,32.36,32.36,32.36,33.602,32.36,32.36,32.36,32.36,32.36,35.186,32.792,32.36,32.36,34.628,34.034,32.36,32.36,34.862,32.738,32.558,35.006,36.05
44,32.36,32.36,32.36,33.422,32.846,32.36,32.36,33.44,32.36,32.36,32.36,33.476,32.36,32.36,32.36,32.36,32.36,34.7,32.738,32.36,32.36,33.53,33.836,32.36,32.36,34.7,32.702,32.432,34.97,36.032000000000004
45,32.36,32.36,32.36,33.386,32.846,32.36,32.36,33.458,32.36,32.36,32.36,33.44,32.36,32.36,32.36,32.36,32.36,34.628,32.774,32.36,32.36,32.792,33.944,32.36,32.36,34.61,32.63,32.36,34.988,35.996
46,32.36,32.36,32.36,33.584,32.846,32.36,32.36,33.422,32.36,32.36,32.36,33.386,32.36,32.36,32.36,32.36,32.486,34.61,32.666,32.36,32.36,32.54,34.106,32.36,32.36,34.484,32.576,32.36,35.096000000000004,35.888
47,32.36,32.36,32.36,33.8,32.864,32.36,32.36,33.458,32.36,32.36,32.36,33.674,32.36,32.36,32.36,32.36,32.54,34.844,32.666,32.36,32.36,32.756,34.394,32.36,32.36,34.484,32.558,32.36,35.006,35.834
48,32.36,32.36,32.36,33.962,32.864,32.36,32.36,33.494,32.36,32.36,32.36,33.152,32.36,32.36,32.36,32.36,32.36,34.916,32.504,32.36,32.36,32.792,34.664,32.36,32.36,34.412,32.522,32.36,34.898,35.672
49,32.36,32.36,32.36,34.322,32.864,32.36,32.36,33.512,32.36,32.36,32.36,33.134,32.36,32.36,32.36,32.36,32.36,34.952,32.522,32.36,32.36,32.684,35.006,32.36,32.36,34.466,32.486,32.36,34.808,35.492
50,32.36,32.36,32.36,34.664,32.864,32.36,32.36,33.512,32.36,32.36,32.36,33.098,32.36,32.36,32.36,32.36,32.756,34.88,32.504,32.36,32.36,32.972,35.294,32.684,32.36,34.466,32.504,32.36,34.844,35.33
51,32.36,32.36,32.36,34.97,32.36,32.36,32.36,33.548,32.36,32.36,32.36,33.08,32.36,32.36,32.36,32.36,32.792,34.736,32.522,32.36,32.36,33.188,35.222,32.72,32.36,34.412,32.468,32.36,34.862,35.6
52,32.36,32.36,32.36,35.096000000000004,32.36,32.36,32.36,33.638,32.36,32.36,32.36,32.81,32.36,32.36,32.36,32.36,32.774,34.772,32.522,32.432,32.36,33.17,35.33,32.792,32.36,34.268,32.486,32.36,34.916,35.69
53,32.36,32.36,32.36,35.204,32.36,32.36,32.36,33.638,32.36,32.36,32.36,32.828,32.36,32.36,32.36,32.36,32.72,34.844,32.36,32.414,32.36,33.512,35.888,32.396,32.36,34.61,32.432,32.378,34.988,35.672
54,32.36,32.36,32.36,35.33,32.36,32.36,32.36,33.638,32.36,32.36,32.36,32.882,32.36,32.36,32.36,32.36,32.36,34.916,32.36,32.36,32.36,33.584,36.32,32.36,32.36,34.772,32.414,32.522,35.042,35.546
55,32.36,32.36,32.36,35.366,32.36,32.36,32.36,34.124,32.36,32.36,32.36,32.666,32.36,32.36,32.36,32.36,32.36,34.97,32.36,32.45,32.36,33.314,36.248,32.36,32.36,34.862,32.522,32.36,35.132,35.474000000000004
56,32.36,32.36,32.36,35.402,32.36,32.36,32.36,34.574,32.36,32.36,32.36,32.666,32.36,32.36,32.36,32.36,32.36,35.006,32.396,32.36,32.36,33.134,35.906,33.098,32.36,34.79,32.522,32.486,35.186,35.492
57,32.36,32.36,32.36,35.6,32.648,32.36,32.324,35.078,32.36,32.36,32.36,32.648,32.36,32.36,32.36,32.36,32.36,35.078,32.414,32.36,32.36,33.746,35.762,33.296,32.36,34.664,32.9,32.36,35.275999999999996,35.636
58,32.288,32.36,32.36,35.708,32.36,32.36,32.36,35.366,32.36,32.36,32.36,32.774,32.36,32.36,32.36,32.36,32.36,35.168,32.414,32.36,32.36,33.8,35.816,33.584,32.36,34.52,32.9,32.36,35.312,35.834
59,32.36,32.36,32.36,35.798,32.36,32.36,32.36,35.275999999999996,32.36,32.36,32.36,32.36,32.36,32.36,32.36,32.36,32.36,35.24,32.522,32.36,32.36,34.178,35.816,33.602,32.36,34.124,32.846,32.36,35.456,35.978
60,32.36,32.36,32.36,35.744,32.36,32.36,32.36,35.078,32.36,32.36,32.36,32.36,32.36,32.36,32.36,32.36,32.36,35.294,32.45,32.36,32.36,34.43,35.87,33.728,32.36,33.908,32.99,32.36,35.6,36.104
61,32.36,32.36,32.36,35.653999999999996,32.396,32.36,32.36,34.898,32.36,32.36,32.36,32.36,32.36,32.36,32.36,32.36,32.36,35.402,32.486,32.36,32.36,34.394,35.852000000000004,33.764,32.36,33.8,33.008,32.36,35.672,36.248
62,32.36,32.36,32.36,35.618,32.378,32.36,32.36,34.304,32.36,32.36,32.36,32.36,32.36,32.36,32.36,32.36,32.36,35.6,32.36,32.36,32.36,34.232,35.78,33.854,32.36,34.178,33.062,32.36,35.78,36.482
63,32.36,32.36,32.36,35.636,32.378,32.36,32.36,34.196,32.36,32.36,32.36,32.36,32.36,32.36,32.36,32.36,32.36,35.636,32.558,32.36,32.36,34.106,35.708,33.944,32.36,34.322,33.062,32.396,35.906,36.878
64,32.36,32.36,32.36,35.69,32.468,32.36,32.36,33.926,32.36,33.332,32.36,32.36,32.36,32.36,32.36,32.36,32.36,35.996,32.522,32.36,32.36,34.106,35.708,33.926,32.36,34.34,33.152,32.36,35.942,37.166
65,32.36,32.36,32.36,35.834,32.36,32.36,32.36,33.944,32.36,33.404,32.36,32.36,32.36,32.36,32.36,32.36,32.36,36.086,32.576,32.36,32.36,34.268,35.924,33.89,32.36,34.448,33.386,32.414,35.996,37.382
66,32.36,32.36,32.36,35.744,32.36,32.36,32.36,33.998,32.36,33.314,32.36,32.36,32.36,32.36,32.36,32.36,32.36,35.996,32.648,32.36,32.378,34.466,36.32,33.89,32.36,34.7,33.404,32.36,36.176,37.525999999999996
67,32.36,32.36,32.36,35.672,32.36,34.7,32.36,33.998,32.36,33.134,32.36,32.36,32.36,32.36,32.36,32.36,32.36,36.176,32.972,32.36,32.36,35.312,36.554,33.908,32.36,34.88,33.206,33.566,36.158,37.616
68,32.36,32.36,32.36,35.582,32.36,34.718,32.36,34.016,32.36,33.548,32.36,33.404,32.36,32.36,32.36,32.36,32.36,36.536,32.846,32.36,32.36,35.978,36.518,33.836,32.36,35.132,33.782,33.656,36.104,37.706
69,32.36,32.36,32.36,35.438,32.36,34.898,32.36,33.998,32.36,33.476,32.36,32.846,32.36,32.36,32.36,32.36,32.36,36.769999999999996,32.846,32.36,32.45,36.374,36.338,33.746,32.36,35.294,34.214,33.656,36.086,37.814
70,32.36,32.36,32.36,35.294,32.36,34.97,32.36,33.674,32.36,33.476,32.36,32.9,32.36,32.36,32.36,32.36,32.36,37.094,33.098,32.396,32.45,36.482,36.068,33.746,32.36,35.582,34.862,33.386,36.068,37.85
71,32.36,32.36,32.36,35.204,32.432,35.006,32.36,33.998,32.36,34.376,32.36,32.936,32.36,32.36,32.36,32.36,32.36,37.454,33.098,32.36,32.414,36.446,35.744,33.782,32.486,35.78,35.024,34.088,36.05,37.868
72,32.36,32.36,32.36,35.078,32.396,35.024,32.36,34.16,32.36,33.836,32.36,32.972,32.36,32.36,32.36,32.36,32.36,37.994,33.422,32.36,32.414,36.5,35.384,33.89,32.576,36.176,35.438,34.106,35.996,38.012
73,32.36,32.36,32.36,34.934,32.396,34.988,32.36,34.628,32.36,33.926,32.36,32.918,32.36,32.36,32.36,32.36,32.36,38.534,33.44,32.36,32.432,36.734,35.042,33.998,32.684,36.446,35.51,34.016,35.996,38.318
74,32.36,32.36,32.36,34.826,32.396,34.934,32.882,34.898,32.36,33.944,32.36,32.846,32.36,32.36,32.36,32.36,32.36,38.768,33.458,32.36,32.432,36.932,34.79,34.07,32.792,36.536,35.456,34.592,36.068,38.498
75,32.36,32.36,32.36,34.772,32.414,34.88,32.882,35.204,32.36,34.34,32.36,35.15,32.36,32.36,32.36,32.36,32.36,39.344,33.458,32.36,32.486,37.058,34.682,34.16,33.512,36.626,35.42,34.862,36.086,38.822
76,32.36,32.36,32.36,34.826,32.432,34.826,32.882,35.402,32.36,33.872,32.36,35.222,32.36,32.36,32.36,32.36,32.36,40.226,33.404,32.36,32.468,37.094,34.718,34.286,33.476,36.68,35.474000000000004,35.132,36.014,39.074
77,32.36,32.36,32.36,34.862,32.45,34.754,32.882,34.916,32.36,33.944,32.36,35.33,32.36,32.36,32.36,32.36,33.062,41.396,33.386,32.36,32.54,37.13,34.79,34.448,33.584,36.662,35.744,35.258,35.924,39.038
78,32.36,32.36,32.36,35.024,32.54,35.906,32.918,34.718,32.36,34.682,32.36,35.42,32.36,32.36,32.36,32.36,32.954,41.882000000000005,33.35,32.36,32.54,37.166,34.916,34.448,33.854,36.716,35.888,35.132,35.888,38.876
79,32.36,32.36,32.36,35.222,32.54,36.014,33.044,34.7,32.36,34.7,32.36,35.744,32.36,32.36,32.36,32.36,33.674,42.385999999999996,33.836,32.36,32.558,37.13,35.06,34.358,34.142,36.896,35.816,35.294,35.942,38.696
80,32.36,32.36,32.36,35.384,32.54,35.96,33.17,34.664,32.36,34.916,32.36,36.068,32.36,32.36,32.36,32.36,33.62,43.358000000000004,34.142,32.36,32.36,37.112,35.078,34.43,34.322,37.094,35.636,35.528,35.978,38.534
81,34.016,32.36,32.36,35.564,32.522,35.924,33.224,34.538,32.36,35.402,32.36,36.176,32.972,32.36,32.36,32.36,33.764,44.33,34.124,32.36,32.36,37.166,35.006,34.592,34.646,37.202,36.644,35.582,36.14,38.354
82,34.34,32.36,32.36,35.762,33.08,35.942,33.35,34.448,32.36,36.302,32.36,36.284,32.972,32.36,32.36,33.53,33.944,44.528,34.124,32.36,32.594,37.508,35.06,34.79,34.808,37.274,37.112,35.564,36.5,38.246
83,34.646,32.36,32.36,36.05,33.422,36.032000000000004,33.332,34.358,32.36,36.122,32.72,36.374,33.152,32.36,32.36,33.8,32.36,43.988,34.25,32.522,32.45,38.012,35.24,34.934,35.06,37.508,37.868,35.636,36.842,38.228
84,34.574,32.36,32.36,36.5,33.944,36.428,33.35,34.232,32.36,36.05,32.684,36.41,33.296,32.36,32.36,33.782,33.026,43.304,34.502,32.486,32.45,38.336,35.582,35.042,35.15,37.958,38.102000000000004,35.653999999999996,37.058,38.246
85,34.682,32.36,32.36,37.13,34.43,36.536,33.368,33.926,32.36,36.284,32.702,36.392,33.404,32.36,32.36,34.016,32.756,42.674,34.718,32.594,32.45,38.444,36.176,35.042,35.186,38.174,38.3,35.672,37.166,38.408
86,34.736,32.36,32.36,37.544,34.556,37.364,33.53,33.728,32.36,36.194,32.738,36.608,34.376,32.36,32.36,34.448,33.872,42.152,34.844,32.576,32.522,38.552,36.878,35.006,35.24,38.39,38.606,35.653999999999996,37.22,38.57
87,34.934,32.36,32.378,37.994,34.61,37.256,33.656,34.16,32.36,36.158,33.044,37.076,34.232,32.36,32.36,34.412,33.998,42.206,34.916,32.486,32.54,38.894,37.364,35.024,35.438,38.75,38.876,35.636,37.31,38.768
88,35.006,32.36,32.378,38.318,34.88,37.814,33.782,34.484,32.36,36.14,33.08,37.436,35.114,32.36,32.36,34.16,34.358,42.854,34.988,32.36,32.72,39.146,37.634,35.078,35.618,39.29,39.164,35.726,37.436,38.894
89,35.024,32.36,32.378,38.660000000000004,35.006,38.498,33.872,34.628,32.36,36.572,33.116,37.778,35.114,32.36,32.36,33.332,34.394,42.962,35.186,32.36,32.882,39.254,37.724000000000004,35.294,35.726,39.758,39.434,35.87,37.616,39.002
90,35.006,32.36,32.378,39.146,35.348,39.038,33.98,34.646,32.36,36.769999999999996,34.448,37.994,35.384,32.36,36.122,33.386,34.412,42.818,35.312,33.422,32.954,39.308,37.778,35.474000000000004,35.852000000000004,40.010000000000005,39.416,36.032000000000004,37.85,39.056
91,35.024,32.36,34.97,39.452,35.672,39.344,34.142,34.97,32.36,36.914,34.466,38.03,35.708,32.36,36.644,33.566,34.592,42.71,35.366,33.404,33.152,39.38,37.868,35.653999999999996,35.978,40.117999999999995,39.362,36.212,38.12,39.182
92,35.132,32.36,35.204,39.704,36.302,39.452,34.286,35.492,32.36,37.004,34.61,38.12,35.708,32.36,36.878,33.638,34.754,42.692,35.42,33.494,33.26,39.524,37.976,35.762,36.176,40.153999999999996,39.362,36.248,38.372,39.398
93,35.294,32.36,35.546,40.064,37.022,39.434,34.196,35.978,32.918,36.95,34.646,38.282000000000004,35.816,32.36,36.967999999999996,33.656,35.132,42.8,35.6,33.458,33.314,39.596,38.21,35.816,36.446,40.28,39.452,36.446,38.624,
94,35.438,32.36,35.726,40.28,37.472,39.434,34.502,36.5,32.936,36.788,36.284,38.39,35.708,32.36,37.076,33.71,35.708,42.872,35.924,33.728,33.638,39.524,38.462,35.924,36.464,40.604,39.74,36.698,38.966,
95,35.618,32.36,35.888,40.478,37.706,39.452,35.168,36.572,32.972,36.608,36.608,38.498,36.788,32.36,37.112,33.836,36.194,43.141999999999996,36.302,33.71,33.746,39.272,38.696,36.05,36.68,40.928,39.938,37.274,39.326,
96,35.906,32.36,36.104,40.064,37.886,39.434,35.744,36.824,32.99,38.084,37.166,38.768,36.284,32.36,37.202,41.666,36.769999999999996,43.25,36.68,33.8,34.016,39.182,39.074,36.068,37.364,41.162,40.64,37.634,39.614000000000004,
97,36.068,32.36,36.104,40.495999999999995,38.354,38.696,36.284,36.86,34.808,39.578,37.688,39.056,36.05,32.36,38.12,41.522,37.562,43.448,37.328,34.304,34.232,39.236,39.236,36.104,37.724000000000004,41.432,41.629999999999995,37.922,39.758,
98,36.05,32.36,36.338,40.856,38.93,39.47,36.788,37.058,34.772,40.730000000000004,37.76,39.308,35.87,32.36,38.246,41.251999999999995,38.048,43.718,37.525999999999996,34.394,34.574,39.38,39.47,36.104,38.174,41.576,42.44,38.21,40.010000000000005,
99,36.014,32.36,36.32,41.251999999999995,39.254,39.668,37.382,37.256,34.916,40.352000000000004,37.958,39.488,35.708,34.772,38.318,41.108000000000004,38.3,43.826,37.652,34.646,34.592,39.506,39.632,36.104,38.588,41.629999999999995,42.674,38.408,40.406,
100,35.888,32.36,36.392,41.738,39.344,39.632,37.292,37.544,35.078,39.056,38.246,39.83,35.69,35.474000000000004,38.534,41.198,38.408,43.826,37.76,34.97,34.808,39.542,39.866,36.194,38.57,41.54,42.745999999999995,38.714,40.856,
101,35.852000000000004,32.36,36.752,41.504000000000005,39.884,39.866,37.364,37.562,34.646,39.02,38.57,40.28,35.798,36.698,38.768,41.396,38.3,43.934,37.922,35.33,35.275999999999996,39.632,40.352000000000004,36.302,38.642,41.468,43.088,39.02,41.45,
102,36.158,32.36,36.896,42.35,40.064,40.262,37.256,38.12,34.97,39.11,38.678,41.108000000000004,36.967999999999996,37.004,38.984,41.647999999999996,38.3,44.096000000000004,38.228,35.653999999999996,35.636,39.722,40.982,36.518,38.912,41.576,43.736,39.758,42.403999999999996,
103,36.698,33.008,37.076,43.376000000000005,40.388,40.604,37.903999999999996,38.822,36.518,39.182,38.912,41.864000000000004,37.13,37.238,39.217999999999996,42.224000000000004,38.282000000000004,44.348,38.714,36.14,36.284,39.704,41.396,37.04,39.254,41.629999999999995,44.186,40.226,43.088,
104,36.824,32.972,37.022,43.628,41.198,40.604,38.084,39.56,36.14,39.326,39.704,42.224000000000004,37.238,37.418,39.11,42.908,38.48,44.852,38.912,36.428,36.572,40.010000000000005,41.954,37.418,39.506,41.702,44.186,40.495999999999995,43.268,
105,36.194,32.972,37.742,43.682,41.882000000000005,41.0,37.886,40.226,35.96,39.47,40.010000000000005,42.548,37.544,37.508,39.398,43.646,38.642,45.212,39.326,36.41,37.202,40.495999999999995,42.692,37.724000000000004,39.65,41.738,44.114000000000004,40.604,43.538,
106,37.112,33.008,37.994,43.772,41.954,41.54,37.85,40.495999999999995,36.158,39.614000000000004,40.370000000000005,42.602000000000004,37.814,38.624,39.902,43.556,38.804,45.554,39.686,36.824,37.814,41.108000000000004,43.376000000000005,38.3,39.848,41.647999999999996,43.952,40.748000000000005,43.97,
107,37.525999999999996,33.008,37.85,43.79,41.989999999999995,42.007999999999996,37.724000000000004,41.54,36.536,39.704,41.108000000000004,42.566,38.336,39.2,40.46,43.25,38.93,45.968,39.866,37.184,38.264,41.774,43.628,38.444,39.956,41.612,43.897999999999996,40.873999999999995,43.934,
108,37.94,34.322,37.724000000000004,43.826,42.08,42.224000000000004,37.544,41.792,36.878,40.153999999999996,42.08,42.89,38.642,40.352000000000004,40.82,43.232,39.146,46.094,40.117999999999995,37.472,38.444,42.367999999999995,43.556,38.498,40.298,41.72,44.024,40.946,43.844,
109,38.372,34.376,37.67,43.79,42.332,42.385999999999996,38.606,41.774,37.22,40.856,42.8,43.844,38.984,41.666,40.838,43.322,39.416,46.346000000000004,40.316,37.616,38.282000000000004,42.818,43.754000000000005,38.444,40.891999999999996,41.864000000000004,44.222,40.873999999999995,43.97,
110,38.714,35.618,38.3,43.826,42.656,42.620000000000005,39.434,41.738,37.616,41.234,42.854,44.366,39.398,42.206,40.784,43.934,39.848,46.49,40.316,38.03,39.722,42.89,44.239999999999995,38.498,41.216,42.116,44.15,40.928,44.078,
111,39.128,36.302,38.858,44.438,42.854,42.908,40.028,41.864000000000004,38.174,41.198,42.367999999999995,44.635999999999996,40.19,42.638,41.828,44.816,40.244,46.508,40.424,38.228,39.434,42.980000000000004,44.6,38.804,41.378,42.53,43.988,41.234,44.132000000000005,
112,39.632,36.967999999999996,39.164,44.978,42.962,43.141999999999996,40.604,42.062,38.462,41.251999999999995,42.134,45.086,40.946,43.123999999999995,42.17,44.888,40.46,46.418,40.964,38.588,39.56,43.214,44.852,39.308,41.522,42.566,43.916,41.558,44.384,
113,40.082,37.868,39.452,45.5,43.106,43.304,41.072,42.278,38.786,41.792,42.062,45.122,41.288,43.826,42.494,44.978,40.838,46.382,41.18,38.984,39.632,43.61,45.338,39.956,41.9,42.476,43.97,42.134,44.653999999999996,
114,40.495999999999995,37.994,39.83,45.608,43.232,43.736,41.522,42.548,39.038,41.972,42.007999999999996,45.104,41.324,44.024,43.376000000000005,45.194,41.18,46.346000000000004,41.396,39.344,39.686,43.79,45.59,41.162,42.08,42.566,44.114000000000004,42.53,44.834,
115,40.712,38.588,40.010000000000005,45.248000000000005,43.826,44.348,42.152,42.818,40.117999999999995,42.044,41.972,44.906,41.522,44.096000000000004,44.653999999999996,45.536,41.828,46.328,41.612,39.614000000000004,40.046,43.897999999999996,45.878,43.088,42.278,42.764,44.366,42.71,44.942,
116,41.0,38.714,40.856,45.482,43.844,44.168,43.052,43.682,40.532,42.260000000000005,42.08,44.834,41.864000000000004,43.97,45.914,45.68,42.314,46.49,42.224000000000004,39.83,40.352000000000004,44.078,46.382,42.71,42.566,42.854,44.510000000000005,42.745999999999995,45.104,
117,41.288,38.966,41.126000000000005,45.698,44.870000000000005,44.510000000000005,43.736,42.944,41.738,42.782,42.17,45.176,42.206,43.862,46.4,45.32,42.548,46.742,43.016,39.902,40.694,44.33,46.49,41.954,42.692,43.178,44.744,42.764,45.212,
118,41.612,38.93,41.432,45.914,45.212,44.924,43.664,43.016,42.188,43.16,42.422,45.644,42.44,43.97,46.22,45.878,42.854,46.868,43.592,40.046,41.306,44.564,46.544,41.72,42.926,43.628,45.266,42.872,45.32,
119,42.007999999999996,39.146,41.324,45.914,45.356,45.716,44.132000000000005,43.088,42.224000000000004,43.412,42.854,46.184,42.692,44.312,45.968,46.616,42.980000000000004,46.958,44.384,40.153999999999996,42.007999999999996,44.726,46.742,41.756,42.998000000000005,43.862,45.824,43.052,45.392,
120,42.512,39.398,42.71,46.76,46.112,47.246,46.436,43.141999999999996,42.566,43.646,43.07,46.994,43.322,44.653999999999996,46.166,48.11,42.980000000000004,47.192,45.464,40.495999999999995,42.764,44.798,47.048,42.188,43.141999999999996,44.186,46.184,43.196,45.644,
121,42.962,39.668,42.764,47.858000000000004,47.516,47.21,47.84,43.376000000000005,42.89,43.916,43.304,47.984,43.79,44.942,46.562,48.902,43.664,47.804,46.364000000000004,41.144,43.448,44.888,47.192,42.908,43.646,44.744,46.562,43.34,46.004,
122,43.501999999999995,39.92,42.818,48.74,48.65,46.922,48.416,43.826,43.16,44.275999999999996,44.006,48.83,44.15,45.194,46.976,49.388,44.366,48.992,46.58,41.576,44.546,45.536,47.372,43.394,44.42,45.23,46.814,43.646,46.454,
123,44.132000000000005,40.082,42.944,49.55,49.694,46.742,49.442,44.257999999999996,43.34,44.744,44.672,49.622,44.438,45.59,47.912,49.964,44.564,50.828,46.85,42.044,45.392,46.292,47.588,43.862,45.086,45.626,47.03,44.024,46.598,
124,44.96,40.55,42.908,50.702,50.647999999999996,46.885999999999996,49.406,44.672,43.772,45.392,44.978,49.91,44.653999999999996,45.968,48.344,50.324,44.528,52.16,47.192,42.403999999999996,45.95,46.76,47.678000000000004,44.672,45.77,46.004,47.408,44.492000000000004,46.67,
125,45.806,41.216,43.736,52.358000000000004,51.584,49.28,49.01,45.158,43.988,45.77,45.284,50.09,44.978,46.22,48.326,50.468,44.708,51.89,47.696,42.620000000000005,46.958,47.048,47.678000000000004,45.608,46.328,45.932,47.66,45.014,46.958,
126,45.5,41.792,43.7,53.852000000000004,52.141999999999996,51.008,48.524,45.5,44.798,46.238,45.896,50.18,45.392,46.49,48.397999999999996,50.27,45.41,51.278000000000006,48.434,43.016,48.775999999999996,47.3,47.588,46.778000000000006,46.49,45.878,47.821999999999996,45.482,47.282,
127,46.598,42.35,43.574,53.996,52.772,52.646,48.524,45.59,45.428,46.76,46.778000000000006,50.522,46.274,46.958,48.721999999999994,50.071999999999996,46.4,51.134,49.514,43.682,50.54,47.678000000000004,47.498,47.768,46.364000000000004,45.986,48.164,45.77,48.074,
128,46.148,42.656,43.897999999999996,53.33,53.06,53.582,48.686,45.644,45.32,47.84,47.408,51.44,47.498,47.354,49.19,49.73,47.03,51.620000000000005,50.971999999999994,44.906,52.16,47.858000000000004,47.588,49.01,46.004,46.022,48.308,46.166,49.262,
129,46.382,42.926,44.168,52.916,52.304,53.528000000000006,48.775999999999996,45.734,45.14,49.172,47.876,51.8,48.326,47.606,49.370000000000005,49.442,47.372,52.214,52.088,45.878,53.348,47.804,47.876,49.442,46.04,45.932,48.452,46.832,49.964,
130,46.76,43.682,44.438,52.214,52.574,53.078,50.036,46.562,45.338,50.81,48.056,51.854,48.956,48.02,49.370000000000005,49.532,47.462,52.43,51.584,46.544,54.266,47.948,48.236,49.064,45.86,45.806,48.524,47.696,50.594,
131,47.066,44.239999999999995,44.708,52.574,51.656,52.321999999999996,50.342,46.508,45.716,52.34,48.02,51.764,49.532,48.524,49.91,49.784,47.516,52.628,50.198,47.048,55.202,48.362,48.812,48.884,45.842,45.788,48.848,49.028000000000006,51.602000000000004,
132,47.372,44.546,44.798,53.024,51.278000000000006,51.8,50.342,46.652,46.22,54.41,47.678000000000004,51.602000000000004,49.424,48.542,50.504,49.891999999999996,48.218,53.168,49.352000000000004,48.578,53.582,48.812,49.370000000000005,49.046,46.22,45.878,49.298,50.936,52.196,
133,47.948,44.924,44.906,53.258,51.278000000000006,52.106,51.044,46.724000000000004,46.796,56.534,47.588,51.512,49.28,48.308,50.81,50.054,49.19,53.888,49.442,50.45,50.846000000000004,49.298,49.982,49.172,46.724000000000004,45.95,50.018,53.024,52.304,
134,48.236,45.23,45.356,55.076,51.35,52.07,51.35,46.832,47.948,57.02,47.696,51.584,49.46,48.452,50.738,50.306,49.496,55.202,50.18,50.252,50.234,49.658,50.288,49.622,47.048,46.256,50.9,54.482,52.52,
135,48.686,45.751999999999995,45.5,57.506,51.71,51.836,52.286,47.696,48.686,56.354,47.768,51.71,49.964,48.83,50.81,50.468,50.234,56.821999999999996,50.864000000000004,49.352000000000004,51.08,49.874,50.594,50.72,47.336,46.471999999999994,51.872,54.59,52.97,
136,49.442,46.67,45.68,57.757999999999996,52.412,51.692,53.042,47.264,48.272,55.31,48.344,51.872,50.071999999999996,49.262,51.188,51.134,51.044,57.632,51.044,48.902,52.178000000000004,49.73,51.152,52.034,47.678000000000004,46.706,53.132,54.14,53.078,
137,50.09,47.768,45.734,57.506,52.862,52.412,53.474000000000004,47.552,48.002,54.716,49.135999999999996,52.034,50.036,49.802,51.422,52.106,51.656,57.236,51.385999999999996,48.866,53.078,49.748,52.016,52.916,48.146,47.048,54.212,53.635999999999996,52.646,
138,50.629999999999995,49.586,46.525999999999996,59.864,53.15,52.879999999999995,53.96,47.606,48.038,54.536,49.658,52.106,50.18,49.91,51.8,52.952,52.16,57.074,52.556,49.064,53.006,50.45,53.275999999999996,53.204,48.775999999999996,48.002,55.4,53.438,52.394,
139,51.134,50.45,46.903999999999996,60.512,53.474000000000004,53.204,54.896,47.858000000000004,48.56,54.752,50.09,52.088,50.468,49.676,52.754,53.528000000000006,52.52,58.153999999999996,53.96,49.604,52.394,51.044,53.168,54.122,49.46,49.118,55.903999999999996,53.438,52.682,
140,50.792,50.18,47.318,60.638,53.996,53.618,55.04,48.182,48.974000000000004,55.184,50.432,52.286,51.116,49.766,54.032,54.284,52.879999999999995,59.72,55.742,50.504,51.926,51.728,52.646,54.446,49.64,50.054,56.93,53.69,53.33,
141,51.188,50.36,47.696,60.332,54.176,54.068,54.518,48.83,49.568,55.598,50.756,52.376,52.07,50.126,54.95,56.192,54.14,60.962,56.66,51.8,51.566,52.538,52.897999999999996,54.896,49.82,50.468,57.974000000000004,54.194,53.69,
142,51.656,50.684,48.092,59.126,54.194,54.716,54.266,49.694,49.766,55.94,51.242,52.376,53.402,50.629999999999995,55.652,58.568,55.742,61.952,56.84,52.178000000000004,51.656,53.492,53.492,56.102000000000004,50.396,51.008,59.540000000000006,54.571999999999996,54.014,
143,53.132,51.025999999999996,49.064,59.522,54.158,55.292,54.122,49.82,49.802,56.336,51.728,52.61,55.76,51.008,56.462,60.134,55.868,61.898,55.706,52.43,52.556,54.608000000000004,54.176,56.786,50.971999999999994,52.538,60.854,54.608000000000004,54.5,
144,53.294,51.134,49.172,59.576,54.05,55.292,53.888,49.694,49.964,56.39,52.106,53.438,57.992000000000004,51.314,56.93,61.7,55.471999999999994,61.790000000000006,53.978,53.24,53.132,55.471999999999994,55.202,57.721999999999994,51.26,55.346000000000004,61.07,54.716,55.129999999999995,
145,53.51,50.954,49.172,59.269999999999996,53.96,54.968,53.69,50.198,50.864000000000004,56.372,52.61,55.004,58.424,51.854,56.768,63.32,56.03,62.74399999999999,53.42,54.536,53.852000000000004,56.354,56.39,59.324,52.34,56.93,61.34,55.544,55.31,
146,53.582,51.224000000000004,49.226,59.215999999999994,53.888,55.04,53.708,50.522,52.016,56.641999999999996,53.384,56.552,58.082,52.25,56.39,64.79599999999999,57.794,63.464,53.51,55.562,55.094,57.182,56.93,61.376,53.366,60.025999999999996,61.142,57.092,55.706,
147,54.32,51.656,49.802,60.386,54.518,55.328,53.708,51.403999999999996,52.412,57.02,54.338,58.028000000000006,57.848,52.646,56.318,66.182,59.594,63.932,53.906,56.318,56.246,58.315999999999995,57.379999999999995,63.806000000000004,54.014,62.74399999999999,59.971999999999994,58.532,56.39,
148,54.374,51.403999999999996,49.91,61.772,55.598,55.147999999999996,53.69,52.664,52.7,57.272,55.202,60.746,58.064,52.808,56.3,66.866,60.746,64.67,54.734,57.164,57.182,60.134,57.794,65.336,54.5,61.952,58.748000000000005,59.378,57.596000000000004,
149,54.428000000000004,51.17,50.126,62.294,59.846000000000004,54.932,53.870000000000005,53.15,53.708,57.47,56.228,63.788,59.162,52.988,56.156,67.46,61.754000000000005,65.984,55.94,57.866,57.686,61.772,58.01,65.60600000000001,55.076,59.99,57.254,60.242000000000004,59.018,
150,54.608000000000004,51.008,50.432,62.257999999999996,63.626,54.86,54.176,53.744,54.086,57.434,57.542,64.868,60.836,53.33,56.228,68.324,62.959999999999994,65.84,57.056,58.586,58.190000000000005,62.672,58.406,64.904,55.742,58.424,56.426,61.232,60.098,
151,54.698,51.188,50.702,62.582,64.508,56.048,53.653999999999996,54.338,53.132,57.614,58.694,65.048,62.15,53.870000000000005,56.66,68.594,63.41,64.958,57.56,59.234,57.47,63.032,58.694,64.04,56.336,57.416,56.641999999999996,61.826,61.321999999999996,
152,56.138,52.736,50.99,61.826,63.751999999999995,57.218,54.086,54.86,52.448,57.812,59.378,64.4,63.986000000000004,54.554,56.894,68.252,61.682,64.598,57.47,59.828,56.120000000000005,63.212,58.982,63.338,56.552,56.93,57.974000000000004,62.186,62.438,
153,56.858000000000004,53.6,51.296,60.89,63.068,60.08,54.356,55.238,52.826,57.92,60.007999999999996,63.896,65.768,55.076,57.128,67.514,60.29600000000001,63.95,57.29,60.548,55.471999999999994,63.086,59.396,62.492000000000004,56.318,56.912,59.792,62.366,63.35600000000001,
154,57.524,54.176,51.584,60.17,62.492000000000004,60.368,54.716,55.166,53.51,58.459999999999994,61.124,63.554,65.44399999999999,55.688,57.397999999999996,66.092,60.746,62.726,57.47,61.124,55.652,63.374,60.025999999999996,61.97,56.192,57.578,61.39399999999999,62.546,63.626,
155,57.992000000000004,54.77,51.944,60.278000000000006,62.312,59.504,55.129999999999995,55.508,53.456,58.856,62.42,63.086,63.932,56.444,57.70399999999999,65.156,62.168,61.538,57.794,61.178000000000004,56.282,63.86,60.26,61.466,56.228,58.784000000000006,62.114,62.564,62.618,
156,59.99,55.147999999999996,54.05,59.486000000000004,63.104,59.288,55.346000000000004,55.85,53.42,58.928000000000004,63.95,63.013999999999996,62.438,57.92,58.442,64.526,64.02199999999999,61.07,58.082,61.196,56.84,63.64399999999999,60.29600000000001,61.16,56.624,59.95399999999999,62.582,62.528000000000006,61.826,
157,62.492000000000004,55.525999999999996,54.806,59.918,64.472,58.586,56.588,56.084,54.122,59.18,64.49000000000001,63.824,61.43,59.971999999999994,58.892,63.464,65.714,61.321999999999996,58.136,61.519999999999996,57.146,63.212,60.332,61.196,57.434,61.124,63.662,62.33,61.412,
158,63.769999999999996,55.76,55.814,59.864,66.686,57.92,58.298,56.678000000000004,57.397999999999996,59.594,65.066,64.886,61.736000000000004,61.682,59.198,62.798,66.236,61.718,58.153999999999996,62.257999999999996,57.56,63.05,60.386,61.574,58.352,61.592,65.39,62.168,61.25,
159,63.158,56.606,56.732,60.116,66.614,57.038,59.486000000000004,58.244,57.74,60.224000000000004,67.1,65.19200000000001,62.114,62.852,59.702,62.708,66.56,62.456,58.946000000000005,62.456,58.064,62.798,60.8,62.257999999999996,58.892,61.718,67.00999999999999,62.15,61.304,
160,62.456,57.506,57.848,60.584,66.344,58.028000000000006,60.458,63.14,56.03,61.39399999999999,69.8,64.472,62.221999999999994,63.932,60.134,63.013999999999996,66.164,63.176,59.684000000000005,62.636,58.784000000000006,62.204,61.538,62.6,59.215999999999994,62.096,67.874,62.402,61.538,
161,61.952,58.442,60.998000000000005,60.926,69.656,59.09,61.682,64.112,55.76,62.618,71.078,63.32,63.212,64.382,60.62,63.32,65.048,64.364,60.242000000000004,62.852,59.468,61.88,62.132,62.546,59.396,62.690000000000005,67.874,62.708,61.682,
162,61.556000000000004,59.432,61.34,61.25,69.674,61.519999999999996,62.078,63.896,56.444,62.636,70.916,62.852,64.562,64.148,61.483999999999995,63.824,64.45400000000001,65.53399999999999,60.8,62.816,59.846000000000004,62.221999999999994,63.013999999999996,62.51,59.594,63.32,67.496,63.608,61.808,
163,61.016000000000005,60.476,61.376,61.61,69.872,63.032,62.995999999999995,63.176,57.2,62.33,70.03399999999999,62.924,65.75,64.346,62.204,63.698,63.914,65.858,61.034,62.798,60.458,62.888,64.436,62.762,60.007999999999996,63.176,67.55,64.328,61.664,
164,61.286,61.483999999999995,61.664,61.412,68.936,63.608,65.084,62.816,57.902,62.114,69.476,63.284,66.596,64.904,62.492000000000004,62.492000000000004,63.446,65.55199999999999,61.088,64.238,61.501999999999995,63.158,65.55199999999999,63.518,60.007999999999996,63.032,67.78399999999999,65.012,61.483999999999995,
165,61.988,62.402,61.43,62.15,67.838,64.148,67.73,62.564,58.55,62.257999999999996,69.314,64.05799999999999,67.00999999999999,65.22800000000001,62.978,64.328,63.374,65.39,61.178000000000004,64.292,62.618,63.338,66.11,64.004,59.702,62.87,67.496,66.254,61.538,
166,62.15,63.554,61.466,63.212,66.686,64.724,68.81,61.772,59.342,63.122,68.648,64.472,67.04599999999999,65.53399999999999,63.64399999999999,65.94800000000001,63.608,65.498,61.646,64.49000000000001,63.571999999999996,63.95,66.722,64.544,60.062,62.708,66.776,67.568,61.754000000000005,
167,64.94,65.156,61.592,64.076,66.488,64.274,67.64,60.89,60.242000000000004,63.932,67.28,65.03,67.69399999999999,65.57,64.148,66.416,64.292,65.66,62.528000000000006,65.53399999999999,64.184,64.544,67.69399999999999,65.60600000000001,60.89,62.690000000000005,66.164,67.91,62.384,
168,67.064,66.038,61.358,64.724,65.84,64.418,66.56,60.782,60.709999999999994,64.85,66.236,65.57,68.684,65.516,64.75999999999999,66.92,64.994,66.236,63.248000000000005,66.30799999999999,64.742,65.22800000000001,68.36,66.938,61.898,63.212,66.02,67.73,62.924,
169,67.208,66.11,61.321999999999996,65.93,65.89399999999999,65.516,66.758,61.808,61.519999999999996,65.462,65.822,66.074,69.278,65.3,65.462,68.09,65.84,67.172,63.284,66.524,65.174,65.822,68.684,67.622,63.193999999999996,64.544,66.146,66.938,63.733999999999995,
170,68.612,65.876,61.448,66.506,65.768,64.778,66.866,62.942,61.646,65.516,65.93,66.326,68.9,65.066,66.164,68.72,66.128,68.09,63.392,66.758,65.588,66.74000000000001,68.63,67.568,63.554,66.38,66.128,66.416,64.238,
171,70.502,65.678,63.14,66.596,66.686,64.238,66.848,64.418,60.476,65.22800000000001,66.11,66.344,68.18,64.94,66.74000000000001,68.774,66.074,69.368,64.076,67.298,65.94800000000001,68.072,68.342,67.334,63.122,68.126,66.2,66.614,64.724,
172,68.936,65.44399999999999,64.076,68.288,67.388,65.858,66.83,65.318,61.808,65.084,66.812,66.668,68.036,65.174,67.118,69.152,66.506,70.412,64.868,67.928,66.2,68.486,68.21600000000001,67.28,62.833999999999996,69.206,66.182,66.92,65.21,
173,67.658,65.57,64.976,70.574,67.80199999999999,65.57,66.848,67.118,61.286,65.066,67.55,67.352,67.964,65.318,68.14399999999999,69.53,67.172,71.06,65.984,68.45,66.362,68.55799999999999,68.21600000000001,67.748,63.374,69.998,65.94800000000001,67.47800000000001,65.53399999999999,
174,68.666,65.804,65.984,71.636,68.9,65.246,66.974,68.828,63.662,65.264,68.18,67.82,68.036,65.174,70.016,69.764,67.44200000000001,71.33,67.676,68.864,66.30799999999999,68.612,68.072,67.85600000000001,64.562,69.94399999999999,65.876,67.622,66.146,
175,69.062,66.344,67.514,72.158,70.196,64.742,67.82,69.656,66.11,65.498,69.062,68.126,68.54,65.264,71.078,69.602,67.568,71.366,69.062,69.494,66.254,68.72,67.964,67.78399999999999,65.372,69.206,66.146,68.252,67.118,
176,69.476,67.082,67.748,72.842,71.438,66.488,68.504,70.988,68.234,65.768,70.628,68.252,69.638,65.66,71.06,69.548,67.748,71.132,69.242,70.196,66.326,68.99000000000001,67.82,68.036,65.876,68.09,66.884,68.774,67.69399999999999,
177,69.674,65.858,67.658,71.6,70.07,67.55,69.908,71.312,68.792,65.516,72.122,68.55799999999999,70.7,66.362,70.412,70.34,67.838,70.826,69.134,70.7,66.2,69.548,67.568,69.008,66.74000000000001,67.91,67.964,68.918,67.85600000000001,
178,69.674,66.11,67.514,70.44800000000001,70.664,67.154,71.6,70.46600000000001,66.344,65.426,73.05799999999999,69.08,71.366,67.118,70.124,70.80799999999999,67.928,70.682,69.404,71.366,66.2,69.926,67.37,70.88,68.486,68.612,68.846,68.792,67.73,
179,69.638,66.866,69.25999999999999,71.042,71.114,67.46,72.5,69.872,66.29,65.642,73.79599999999999,69.422,70.916,67.532,69.926,70.88,68.018,70.898,69.53,72.266,66.236,70.178,67.316,72.212,69.998,69.656,69.908,68.828,67.658,
180,69.494,67.64,71.006,71.708,71.20400000000001,68.162,72.266,70.376,66.92,65.732,74.19200000000001,69.224,70.574,67.712,69.674,70.79,68.072,71.672,70.016,72.71600000000001,65.354,70.142,67.982,72.95,70.39399999999999,70.214,71.366,69.008,67.928,
181,69.314,68.378,70.574,71.168,71.132,68.252,72.71600000000001,72.338,67.244,65.786,74.102,69.116,70.52,67.712,69.584,70.718,68.576,72.374,70.358,72.86,65.84,69.872,68.666,74.048,70.44800000000001,71.186,71.042,69.35,68.774,
182,69.242,69.134,70.358,71.294,70.7,68.108,71.132,73.922,67.85600000000001,66.182,73.02199999999999,69.188,70.196,67.712,69.422,70.988,69.44,72.86,70.412,72.86,66.038,69.98,69.044,75.038,71.06,71.924,70.16,69.764,69.94399999999999,
183,69.17,68.774,70.178,71.582,71.06,69.098,69.512,73.562,68.828,67.028,72.30199999999999,69.29599999999999,69.94399999999999,67.80199999999999,69.152,71.564,70.214,73.184,70.05199999999999,72.64399999999999,66.182,69.836,69.422,75.434,72.30199999999999,72.536,69.548,70.178,71.42,
184,69.062,69.548,69.818,72.446,72.212,69.062,69.152,74.786,69.94399999999999,67.496,72.392,69.35,70.142,68.09,68.774,72.068,70.988,73.886,70.07,72.212,66.632,69.674,69.94399999999999,75.866,73.958,73.364,69.332,70.55600000000001,72.428,
185,69.314,68.81,68.342,72.23,73.742,69.69200000000001,68.18,75.29,70.538,67.78399999999999,72.752,69.53,70.322,68.378,68.63,73.05799999999999,71.636,74.57,70.77199999999999,71.834,67.47800000000001,69.98,70.358,76.892,75.344,74.156,69.926,70.862,73.22,
186,69.638,67.928,67.46,72.212,75.164,70.39399999999999,68.036,74.354,70.25,68.288,73.094,69.566,70.502,68.702,68.95400000000001,74.246,72.392,75.182,71.708,71.636,67.91,70.43,70.88,76.658,76.19,74.94800000000001,70.77199999999999,71.114,74.138,
187,70.016,67.82,67.298,72.914,74.21,71.132,67.964,73.328,70.286,68.9,73.22,69.674,70.952,69.25999999999999,69.116,75.326,73.04,75.65,72.482,71.54599999999999,68.864,71.258,71.384,74.984,75.812,75.956,71.42,71.222,74.3,
188,70.10600000000001,68.342,67.874,72.824,73.49000000000001,71.006,68.918,73.05799999999999,70.52,69.512,73.184,69.998,71.528,70.05199999999999,69.098,76.244,73.31,76.19,72.752,71.42,69.242,71.834,71.54599999999999,74.12,74.264,77.054,71.708,71.348,73.724,
189,69.71,69.242,67.64,72.572,73.634,70.124,69.71,74.048,70.52,69.69200000000001,73.49000000000001,70.34,71.94200000000001,71.15,69.08,77.108,73.706,76.766,72.734,71.042,68.95400000000001,72.572,71.384,74.12,73.238,77.882,71.708,71.492,73.418,
190,69.314,69.17,67.298,72.734,73.004,70.25,70.268,73.85,70.178,69.314,73.868,70.682,72.482,71.6,69.29599999999999,76.78399999999999,74.102,76.55,73.148,70.916,68.882,73.31,71.438,74.318,73.508,78.458,71.582,71.528,73.31,
191,69.08,69.368,67.73,72.536,72.35600000000001,69.94399999999999,71.69,72.662,69.62,69.206,74.336,70.952,72.86,71.312,69.656,76.118,74.89399999999999,76.19,73.112,71.222,69.242,73.382,71.618,74.39,74.53399999999999,79.214,71.618,71.654,73.346,
192,69.872,69.332,69.746,72.824,72.5,69.8,69.674,71.708,69.116,69.782,74.768,71.276,72.374,71.186,69.908,76.082,75.218,76.064,72.824,71.672,70.142,73.418,71.906,74.372,74.57,79.304,71.582,71.816,73.292,
193,71.54599999999999,68.9,70.80799999999999,73.112,72.446,70.03399999999999,69.188,71.636,68.81,70.538,75.524,72.05,71.834,71.42,69.94399999999999,76.244,75.164,76.172,72.95,72.19399999999999,70.484,74.03,72.338,74.57,74.066,78.224,71.582,72.032,73.02199999999999,
194,73.13,70.16,71.852,73.58,72.28399999999999,70.10600000000001,69.098,72.032,68.972,71.54599999999999,76.766,72.71600000000001,71.618,71.636,69.836,76.496,74.96600000000001,76.604,73.706,72.374,70.77199999999999,74.876,72.662,75.326,74.102,76.874,71.798,72.30199999999999,72.788,
195,73.868,70.77199999999999,72.842,74.804,73.49000000000001,71.492,69.404,73.094,69.53,72.28399999999999,77.468,73.346,71.348,71.582,69.71,76.80199999999999,74.96600000000001,76.82,74.84,72.28399999999999,70.61,75.05600000000001,72.896,76.00999999999999,74.39,76.028,71.924,72.626,72.968,
196,75.2,71.492,73.094,75.56,74.696,72.374,70.664,73.94,69.62,72.032,77.792,74.174,71.024,71.582,69.908,76.85600000000001,75.47,76.82,76.352,71.924,70.10600000000001,74.66,73.02199999999999,76.78399999999999,74.696,75.866,71.97800000000001,72.824,73.094,
197,74.912,71.492,73.004,75.614,74.66,71.78,72.68,74.03,69.44,71.258,77.81,74.89399999999999,71.132,71.96,70.124,76.712,75.992,77.19800000000001,77.828,71.618,69.98,74.22800000000001,73.184,76.91,75.05600000000001,75.992,71.834,73.238,72.986,
198,74.55199999999999,71.006,74.066,75.506,75.236,71.888,72.32,75.05600000000001,69.566,70.754,77.774,75.452,71.096,72.554,70.088,76.80199999999999,76.604,77.612,78.764,71.6,70.52,74.12,73.45400000000001,76.44200000000001,75.488,76.118,71.672,73.58,73.202,
199,73.292,71.15,73.418,75.074,75.632,72.05,72.086,75.542,70.03399999999999,70.934,77.702,75.416,71.006,73.328,69.854,76.69399999999999,77.126,77.738,79.124,71.69,71.294,74.22800000000001,74.066,76.04599999999999,75.83,76.154,71.726,73.904,73.562,
200,73.094,71.312,73.148,75.182,76.082,72.05,72.64399999999999,75.92,70.304,71.294,77.54,75.218,70.862,73.85,69.782,76.568,77.738,77.55799999999999,79.016,72.30199999999999,71.924,74.462,74.822,75.812,76.136,76.352,72.014,74.21,73.94,
201,73.904,71.50999999999999,73.418,75.02,76.04599999999999,72.35600000000001,73.868,75.56,70.322,71.528,77.594,75.326,70.7,74.012,69.89,76.47800000000001,78.476,77.018,78.332,72.932,72.266,74.60600000000001,75.11,75.758,76.424,76.586,72.338,74.498,74.066,
202,74.336,70.61,73.562,75.434,76.46,71.618,73.31,75.596,70.214,71.762,78.044,75.344,70.934,74.246,70.016,76.46,79.03399999999999,76.136,77.18,73.652,72.428,74.822,75.11,75.74000000000001,76.136,76.532,72.626,74.678,73.868,
203,73.922,70.322,72.842,74.984,76.928,72.392,74.22800000000001,75.29,70.16,71.996,78.476,75.254,71.348,74.462,70.16,76.532,79.232,76.028,76.44200000000001,74.19200000000001,72.482,75.092,75.05600000000001,75.70400000000001,75.416,76.514,73.004,74.912,73.886,
204,74.264,71.294,72.32,74.462,77.14399999999999,71.402,75.524,75.074,70.214,72.28399999999999,78.512,75.326,71.744,74.678,70.322,76.748,79.178,76.46,75.83,73.79599999999999,72.69800000000001,75.74000000000001,75.038,75.578,74.822,76.604,73.45400000000001,75.038,74.156,
205,74.498,71.834,72.158,74.048,77.972,71.438,74.786,74.93,70.39399999999999,72.32,78.278,75.596,72.122,74.336,70.502,76.78399999999999,78.962,76.838,75.29,72.5,73.04,76.316,74.786,75.542,74.498,76.73,73.742,75.002,74.372,
206,74.876,71.762,72.176,73.75999999999999,77.036,71.744,74.336,74.93,70.718,72.068,78.062,75.686,72.572,74.03,70.592,76.622,78.764,76.676,74.984,72.05,73.544,76.568,74.372,75.65,74.53399999999999,76.964,74.03,75.038,74.642,
207,75.614,71.618,72.662,73.562,76.622,72.536,74.048,74.44399999999999,70.97,71.97800000000001,77.738,75.776,72.86,74.156,70.682,76.64,78.638,76.55,74.84,72.14,74.3,76.78399999999999,74.336,75.488,74.84,77.21600000000001,74.408,75.074,74.93,
208,76.586,71.474,72.914,74.084,76.982,71.6,73.526,74.22800000000001,70.862,71.78,77.162,76.028,73.202,74.156,70.898,77.072,78.422,76.73,74.516,72.19399999999999,75.164,76.91,74.57,75.092,75.164,77.414,74.498,75.146,74.94800000000001,
209,76.334,71.996,73.076,73.904,77.54,71.834,72.896,75.092,70.88,71.384,76.838,76.316,73.436,74.084,71.312,77.234,78.476,76.73,73.724,71.888,75.74000000000001,77.018,74.336,74.858,75.344,77.52199999999999,74.498,75.254,74.984,
210,75.992,72.824,72.662,74.156,77.63,72.014,72.68,75.884,71.15,70.88,76.838,76.622,73.706,74.48,71.654,77.018,78.422,76.514,72.77,71.456,75.74000000000001,77.19800000000001,73.904,74.912,75.488,77.324,74.462,75.218,74.96600000000001,
211,76.388,72.572,72.69800000000001,74.066,78.206,72.23,72.338,75.164,71.258,70.952,77.162,77.252,74.21,74.786,72.05,76.982,78.512,76.496,72.35600000000001,71.276,75.326,77.45,73.904,75.128,75.686,77.126,74.264,75.27199999999999,74.804,
212,76.946,71.744,72.68,73.742,79.124,72.428,73.076,76.69399999999999,71.474,71.762,77.702,78.098,75.002,74.94800000000001,72.30199999999999,76.982,78.8,76.964,72.41,71.24000000000001,75.146,77.648,74.318,75.398,75.758,77.0,74.084,75.434,74.588,
213,77.684,71.6,73.02199999999999,74.066,78.818,72.59,73.076,77.9,71.744,72.266,78.188,78.69200000000001,76.028,75.02,72.28399999999999,77.09,78.746,77.252,72.19399999999999,71.402,75.02,77.792,74.876,75.722,75.776,76.928,73.994,75.506,74.462,
214,77.792,72.28399999999999,72.968,73.886,78.314,72.71600000000001,73.202,77.55799999999999,72.104,72.80600000000001,78.458,78.818,76.64,75.416,72.266,77.30600000000001,78.494,77.432,72.086,71.888,74.858,78.026,75.2,75.992,75.884,76.658,73.958,75.47,74.588,
215,77.666,73.04,72.95,74.642,78.026,72.80600000000001,74.066,76.874,72.482,73.166,78.764,78.35,76.658,75.47,72.248,77.36,78.458,77.972,71.996,72.338,74.53399999999999,78.35,75.164,76.1,76.1,76.1,74.102,75.614,74.94800000000001,
216,77.594,73.202,73.148,74.768,78.026,72.878,75.722,77.486,72.968,73.13,78.836,77.756,76.424,75.398,72.446,77.342,78.494,78.72800000000001,71.816,72.554,74.156,78.638,74.48,76.352,76.406,75.776,74.462,76.172,75.146,
217,77.342,74.03,73.094,74.912,77.55799999999999,72.752,75.938,77.036,73.598,72.536,78.476,77.792,76.208,75.362,72.824,77.342,78.638,78.656,71.564,72.482,74.012,78.962,73.382,76.766,76.69399999999999,75.542,74.876,76.80199999999999,75.074,
218,77.108,73.328,72.626,75.038,76.514,72.554,76.47800000000001,75.794,74.12,71.726,78.062,77.81,76.1,75.29,72.896,77.45,78.764,78.008,71.672,72.32,73.976,79.016,72.878,77.018,76.748,75.344,75.182,77.14399999999999,74.75,
219,77.126,74.66,72.35600000000001,75.164,76.00999999999999,72.824,76.964,75.362,74.624,71.168,77.95400000000001,77.612,76.172,75.29,73.076,77.126,78.638,77.666,71.798,72.212,73.976,78.72800000000001,72.734,76.91,76.47800000000001,75.30799999999999,75.506,77.342,74.3,
220,77.288,75.794,72.77,75.452,75.326,73.05799999999999,77.288,75.2,74.84,70.88,78.044,77.378,76.352,75.146,73.436,77.036,78.476,77.468,71.97800000000001,72.266,73.904,78.548,72.59,76.604,76.154,75.344,75.83,77.234,73.994,
221,77.45,75.488,72.896,75.596,75.11,72.878,77.432,75.05600000000001,75.128,70.97,78.152,77.324,76.316,74.732,73.742,77.054,78.008,77.324,72.212,72.35600000000001,73.79599999999999,78.44,72.64399999999999,76.496,75.812,75.596,76.46,77.0,73.904,
222,77.52199999999999,75.182,73.094,75.632,74.354,72.86,77.09,74.84,75.56,71.096,78.17,77.054,76.1,74.372,74.03,77.378,77.396,77.18,72.30199999999999,72.35600000000001,73.688,78.458,72.896,76.78399999999999,75.596,75.866,76.514,76.964,73.994,
223,77.414,74.624,72.896,75.65,73.922,73.256,77.054,75.65,75.668,71.042,78.098,76.44200000000001,76.118,73.868,74.19200000000001,77.738,76.982,76.658,72.41,72.176,73.526,78.98,73.004,77.126,75.488,76.226,76.298,76.64,74.066,
224,77.378,74.984,72.752,75.05600000000001,74.372,73.832,76.496,76.04599999999999,75.632,70.916,78.026,75.974,76.082,73.292,74.354,77.756,76.766,75.884,72.30199999999999,71.834,73.382,79.304,72.932,77.21600000000001,75.506,76.316,76.226,76.262,74.138,
225,77.63,74.624,72.71600000000001,74.714,74.102,73.67,75.866,76.568,76.00999999999999,70.718,77.95400000000001,75.686,75.722,73.094,75.128,77.648,76.838,75.362,71.78,71.528,73.45400000000001,79.43,73.094,77.126,75.452,76.19,76.118,76.082,74.19200000000001,
226,78.494,74.372,72.788,75.2,73.544,73.328,75.83,76.424,76.64,70.538,77.738,75.542,75.38,73.112,76.028,77.52199999999999,76.496,75.11,71.384,71.096,73.922,79.322,73.634,77.09,75.27199999999999,76.208,75.938,75.92,74.102,
227,79.10600000000001,74.408,72.842,75.362,73.02199999999999,73.742,75.092,75.974,76.658,70.322,77.486,75.146,75.2,73.112,76.47800000000001,77.486,75.866,74.714,71.24000000000001,70.682,74.44399999999999,78.926,73.778,76.964,75.164,76.172,75.848,75.668,73.94,
228,79.61,74.048,72.788,75.236,73.364,73.652,75.038,75.686,76.1,70.322,77.504,74.96600000000001,75.038,73.076,76.676,77.234,75.74000000000001,74.678,71.456,70.538,74.804,78.512,73.94,76.658,75.092,75.974,76.028,75.56,73.94,
229,79.34,73.832,72.32,75.398,74.084,73.382,74.318,75.812,75.596,70.538,77.594,75.074,74.462,73.112,76.766,76.82,75.70400000000001,74.768,71.744,70.574,75.128,78.134,73.976,76.226,75.164,75.578,76.47800000000001,75.56,73.688,
230,79.268,73.778,71.708,75.38,73.75999999999999,73.238,73.922,75.65,75.27199999999999,70.682,77.378,75.002,74.12,73.148,76.47800000000001,76.37,75.83,74.642,72.35600000000001,70.682,75.146,77.918,73.85,75.902,75.362,75.326,76.874,75.632,73.112,
231,79.16,74.03,70.88,74.75,73.562,72.878,73.418,75.254,75.398,70.718,76.874,74.732,74.012,73.05799999999999,76.226,76.28,76.334,74.66,72.86,70.88,75.146,77.9,73.778,75.614,75.542,75.30799999999999,77.018,75.812,72.77,
232,79.34,74.66,70.55600000000001,74.19200000000001,73.4,72.608,72.86,75.27199999999999,75.74000000000001,70.46600000000001,76.712,74.44399999999999,73.85,72.734,75.794,76.316,76.424,74.696,73.13,71.366,74.57,78.098,73.94,75.488,75.668,75.27199999999999,77.30600000000001,75.938,72.842,
233,78.854,74.75,70.124,74.732,73.13,72.14,72.428,75.128,75.992,70.03399999999999,76.604,74.318,73.292,72.35600000000001,75.146,76.04599999999999,75.848,74.732,73.508,71.834,73.904,78.25999999999999,74.19200000000001,75.236,75.686,75.344,77.738,75.884,72.824,
234,77.972,74.912,69.764,75.02,73.02199999999999,71.798,72.392,75.542,75.956,69.746,76.208,74.48,73.04,72.392,74.60600000000001,75.596,75.254,74.912,73.508,72.28399999999999,73.832,77.936,73.976,74.858,75.326,75.578,78.008,75.758,72.626,
235,78.026,74.89399999999999,69.494,75.488,72.986,71.78,72.122,75.128,75.794,69.674,75.632,74.588,73.508,72.86,74.174,75.254,74.93,75.146,73.238,72.482,74.084,77.594,73.598,74.696,74.89399999999999,75.848,78.116,75.758,72.464,
236,77.72,75.236,69.188,74.89399999999999,73.004,71.888,71.96,74.66,75.578,69.69200000000001,75.29,74.53399999999999,73.652,73.508,73.958,75.02,74.48,75.218,73.238,72.59,73.85,77.19800000000001,73.256,74.53399999999999,74.426,76.082,78.152,75.812,72.338,
237,77.432,75.182,68.918,74.354,72.986,71.87,70.952,74.44399999999999,75.30799999999999,69.72800000000001,75.11,74.246,73.274,73.49000000000001,73.994,74.89399999999999,74.048,75.30799999999999,73.292,72.986,73.4,77.126,72.896,74.624,74.066,76.298,78.278,75.92,72.19399999999999,
238,77.234,75.974,68.972,74.246,72.914,72.428,71.96,74.22800000000001,75.29,70.196,75.05600000000001,73.904,73.112,72.80600000000001,73.706,74.714,73.832,75.434,73.45400000000001,73.256,72.80600000000001,77.414,72.68,74.93,73.724,76.244,78.44,75.866,72.176,
239,77.018,75.398,69.188,74.858,73.166,73.778,73.202,74.21,75.05600000000001,70.826,74.696,73.544,73.49000000000001,72.428,72.842,74.678,73.706,75.236,73.778,73.076,72.086,77.81,72.59,75.47,73.112,75.92,78.548,75.776,72.05,
240,76.28,74.786,69.35,75.2,73.904,73.364,73.45400000000001,73.778,74.822,71.096,74.53399999999999,72.86,74.084,72.41,71.96,75.038,73.742,74.876,74.282,72.788,71.996,77.936,72.446,75.578,72.662,75.776,78.548,75.776,72.068,
241,76.064,74.60600000000001,69.29599999999999,75.218,72.986,72.932,73.418,74.12,74.55199999999999,71.20400000000001,74.462,72.122,74.588,72.428,71.258,75.65,73.724,74.60600000000001,74.822,72.77,72.68,77.9,72.28399999999999,75.542,72.464,75.758,78.458,75.758,72.14,
242,75.902,75.2,69.29599999999999,74.984,72.104,72.554,73.02199999999999,73.94,74.246,71.348,73.904,71.708,74.174,72.32,70.77199999999999,76.28,73.688,74.66,75.164,72.86,73.184,77.882,72.212,75.344,72.266,75.56,78.044,75.488,71.888,
243,76.298,75.164,69.458,74.624,71.294,72.086,73.13,73.94,73.886,71.384,73.22,71.312,73.4,72.35600000000001,70.55600000000001,76.82,74.03,74.624,74.876,72.914,73.544,77.72,71.924,75.218,72.122,75.30799999999999,77.468,75.29,71.564,
244,75.92,75.344,69.584,74.372,71.078,72.788,72.482,73.526,73.238,71.54599999999999,72.878,70.322,73.094,72.896,70.61,76.91,74.696,74.624,74.354,72.968,74.246,77.162,71.222,75.65,71.94200000000001,75.2,76.78399999999999,75.182,71.6,
245,75.182,75.146,69.458,74.282,71.582,75.038,72.374,73.382,72.536,71.888,72.86,68.612,73.05799999999999,73.292,70.718,76.80199999999999,75.686,74.642,73.994,73.256,74.84,76.424,70.268,76.28,71.654,75.074,76.37,75.092,71.852,
246,74.822,74.75,69.098,74.174,71.708,75.038,72.212,73.418,72.248,72.05,72.824,67.82,73.148,73.436,70.97,76.136,76.55,74.696,73.45400000000001,73.562,75.362,75.848,69.494,76.748,71.492,74.822,76.00999999999999,74.96600000000001,72.35600000000001,
247,74.354,75.326,68.95400000000001,73.346,72.986,74.624,72.554,73.382,71.852,72.19399999999999,72.77,68.882,73.562,73.598,71.402,74.66,76.64,74.786,73.22,73.778,75.632,75.56,69.35,77.486,71.348,74.53399999999999,75.56,74.768,73.148,
248,74.624,75.29,68.972,72.986,73.094,74.462,72.212,73.4,71.42,72.69800000000001,72.59,69.656,74.426,73.49000000000001,71.69,73.112,75.848,74.66,73.02199999999999,73.958,75.848,75.542,69.188,78.152,71.312,74.264,75.002,74.44399999999999,73.868,
249,75.146,75.11,68.45,73.706,73.202,72.824,71.906,73.634,71.24000000000001,72.86,72.64399999999999,69.836,74.96600000000001,72.86,71.708,72.176,74.75,74.516,72.752,73.616,76.208,75.758,68.972,78.098,71.24000000000001,73.778,74.60600000000001,74.102,74.21,
250,74.858,74.66,67.748,73.544,73.166,71.42,72.068,74.48,71.186,72.5,72.842,69.8,74.93,72.30199999999999,71.618,71.366,73.45400000000001,74.678,72.69800000000001,73.418,76.424,76.262,68.774,77.396,71.15,73.256,74.39,73.976,73.886,
251,73.598,74.156,67.82,72.77,73.202,70.34,72.464,74.588,71.312,72.032,73.004,70.03399999999999,74.318,71.852,71.50999999999999,70.628,71.96,74.624,72.68,73.364,76.262,76.874,68.45,76.316,71.024,72.86,74.012,74.102,73.364,
252,72.482,73.58,67.47800000000001,71.762,73.076,70.736,72.176,74.768,71.474,71.348,73.076,70.16,73.526,71.492,71.402,69.746,70.97,74.174,72.95,73.184,75.47,76.928,68.252,74.93,70.88,72.32,73.544,74.282,72.77,
253,71.708,73.076,67.514,71.564,71.906,71.294,71.78,75.452,71.42,70.55600000000001,73.13,70.03399999999999,72.64399999999999,71.042,71.348,69.224,70.592,73.706,73.544,72.80600000000001,74.55199999999999,76.73,68.09,73.418,71.132,71.834,73.166,74.19200000000001,72.30199999999999,
254,71.636,72.986,67.532,70.39399999999999,71.384,71.618,71.6,74.714,71.33,70.232,73.274,69.69200000000001,71.672,70.682,71.276,69.008,70.34,73.382,73.472,72.176,73.778,76.334,68.072,72.14,71.654,71.402,72.878,73.75999999999999,72.086,
255,70.268,73.472,67.514,70.80799999999999,71.42,71.528,71.762,74.22800000000001,71.20400000000001,70.412,73.292,69.29599999999999,71.024,70.44800000000001,71.096,68.666,70.142,72.914,72.752,71.186,72.482,75.884,68.432,71.762,71.384,70.934,72.71600000000001,73.166,71.78,
256,70.178,73.328,67.676,70.826,71.402,71.636,70.79,72.68,70.862,70.736,73.04,68.918,70.754,70.412,70.934,68.55799999999999,69.962,72.64399999999999,71.798,70.088,71.222,75.668,68.846,71.996,70.80799999999999,70.682,72.69800000000001,72.68,71.366,
257,70.268,72.392,67.982,71.366,70.77199999999999,71.996,70.142,72.608,70.52,70.988,72.80600000000001,68.45,70.55600000000001,70.25,70.952,68.648,69.71,72.446,71.024,69.152,70.718,75.506,69.098,72.428,70.502,70.286,72.68,72.338,71.20400000000001,
258,70.538,71.384,68.288,71.24000000000001,70.39399999999999,71.54599999999999,69.89,72.59,70.88,70.88,72.572,68.108,70.03399999999999,69.962,70.88,68.792,69.116,72.032,70.39399999999999,68.738,70.628,75.164,69.386,72.824,70.43,69.746,72.59,72.068,71.168,
259,69.854,70.412,68.9,71.114,69.818,70.25,69.584,72.626,71.06,70.682,72.266,68.0,69.35,69.548,70.502,68.612,68.36,71.636,69.62,68.468,70.80799999999999,74.696,69.94399999999999,73.166,70.502,69.35,72.59,71.996,71.096,
260,69.116,69.458,68.666,71.312,69.134,68.936,69.476,72.014,71.042,70.358,71.834,67.892,69.062,69.368,70.05199999999999,68.036,67.676,71.384,69.278,68.21600000000001,70.988,74.39,70.592,73.274,70.484,69.152,72.788,72.176,71.042,
261,68.72,68.52199999999999,68.55799999999999,71.186,68.774,67.91,69.368,72.392,70.826,69.53,71.654,67.69399999999999,69.116,69.25999999999999,69.8,67.676,67.334,71.042,68.936,67.892,70.88,74.336,71.15,73.31,70.502,68.828,72.86,72.28399999999999,70.77199999999999,
262,68.594,67.748,68.756,71.50999999999999,68.774,67.208,69.008,72.086,70.358,68.882,71.636,67.388,69.29599999999999,69.152,69.72800000000001,67.622,67.352,70.538,68.702,67.69399999999999,70.412,74.336,71.834,73.05799999999999,70.592,68.432,72.734,72.212,70.55600000000001,
263,68.30600000000001,67.766,68.252,71.312,68.684,67.85600000000001,68.55799999999999,72.23,69.674,68.576,71.582,67.04599999999999,69.242,68.972,69.656,67.514,67.37,69.818,68.55799999999999,67.46,70.03399999999999,74.516,72.518,72.878,70.826,68.018,72.5,72.086,70.484,
264,67.64,66.524,67.946,71.096,67.964,67.78399999999999,67.568,72.23,69.25999999999999,68.504,71.69,66.92,69.116,68.774,69.584,67.47800000000001,67.298,69.35,68.126,67.316,69.854,74.53399999999999,72.914,72.896,71.20400000000001,67.622,71.834,71.834,70.44800000000001,
265,66.74000000000001,66.542,66.884,70.88,67.226,67.406,66.938,72.14,68.828,68.612,71.564,66.722,69.17,68.612,69.458,67.658,67.244,68.648,67.676,67.28,69.69200000000001,74.48,73.31,72.158,71.33,67.28,70.736,71.348,70.376,
266,65.96600000000001,66.254,66.434,70.934,67.838,67.1,66.722,71.726,68.14399999999999,68.918,71.15,66.236,69.25999999999999,68.54,69.25999999999999,67.91,67.244,67.44200000000001,67.28,66.218,69.746,74.516,73.904,71.096,70.77199999999999,66.992,69.548,70.736,70.268,
267,65.3,65.984,66.236,70.412,66.164,66.758,66.2,71.168,67.676,69.08,70.55600000000001,65.786,69.422,68.468,69.044,68.09,67.208,66.416,67.172,66.236,69.72800000000001,74.372,74.55199999999999,70.646,70.232,66.83,68.63,70.142,70.07,
268,64.994,65.804,65.462,69.94399999999999,66.182,66.344,65.498,69.98,67.208,68.95400000000001,70.03399999999999,65.57,69.548,68.45,68.792,67.82,67.082,65.96600000000001,67.118,66.47,69.602,73.634,74.912,70.44800000000001,69.908,66.956,68.21600000000001,69.08,69.854,
269,64.706,65.516,65.246,70.124,65.624,66.038,64.778,69.638,66.70400000000001,68.54,69.656,65.55199999999999,69.35,68.648,68.396,67.226,66.92,65.53399999999999,67.00999999999999,66.794,69.314,72.986,75.27199999999999,69.908,69.62,67.262,67.946,67.928,69.53,
270,64.904,65.246,65.22800000000001,69.854,67.226,65.984,63.932,69.224,66.11,68.234,69.584,65.39,69.098,68.55799999999999,67.928,66.434,66.776,65.12,66.938,67.1,68.864,72.32,74.89399999999999,69.35,69.512,67.47800000000001,67.712,66.866,69.206,
271,64.31,64.922,64.976,69.29599999999999,67.676,64.436,63.248000000000005,69.44,65.22800000000001,68.018,69.494,64.922,68.9,67.982,67.352,65.44399999999999,66.344,64.706,66.974,67.37,68.396,71.654,73.436,69.098,69.548,67.46,67.514,65.96600000000001,68.864,
272,64.724,64.634,64.868,68.55799999999999,67.208,64.13,63.230000000000004,69.242,64.382,67.874,69.044,64.436,68.792,67.55,66.30799999999999,64.94,65.516,64.598,67.00999999999999,67.69399999999999,68.162,71.294,71.69,68.9,69.476,67.316,67.424,65.588,68.54,
273,65.012,64.364,64.526,68.21600000000001,66.02,63.428000000000004,63.122,69.35,63.662,67.604,68.486,63.95,68.81,67.208,65.048,64.652,64.652,64.49000000000001,67.064,67.424,67.568,70.77199999999999,70.196,68.612,69.512,66.974,67.316,65.336,68.594,
274,64.472,64.4,64.148,67.928,64.526,63.68,63.266000000000005,69.29599999999999,62.51,67.44200000000001,68.18,63.374,68.792,66.758,64.166,64.49000000000001,63.698,64.274,67.208,66.776,66.794,69.854,69.35,68.414,69.72800000000001,66.362,67.28,64.814,69.044,
275,64.652,65.048,64.04,67.244,64.004,64.49000000000001,63.158,69.35,61.483999999999995,67.172,68.234,63.086,68.81,66.002,63.5,64.166,62.995999999999995,64.094,67.424,66.434,65.642,68.882,68.846,68.09,69.278,65.678,67.316,64.274,69.638,
276,64.418,64.562,64.004,66.326,63.59,64.04,62.798,68.95400000000001,60.836,66.794,68.63,63.068,68.648,65.174,62.833999999999996,63.374,62.654,64.076,67.388,66.254,64.562,68.30600000000001,68.702,67.874,68.18,64.94,67.352,64.02199999999999,69.998,
277,63.878,63.878,63.896,65.426,63.14,63.733999999999995,62.33,68.486,60.278000000000006,66.47,68.918,62.888,68.864,64.544,62.204,62.582,62.654,64.112,67.154,65.624,63.751999999999995,68.072,68.702,67.658,67.226,64.292,67.44200000000001,63.86,70.16,
278,63.392,63.464,64.04,64.4,62.690000000000005,63.571999999999996,61.718,68.288,59.918,65.94800000000001,68.864,62.51,69.656,64.346,61.664,62.168,62.672,64.22,66.812,64.418,63.536,68.018,68.576,67.55,66.632,63.698,67.424,63.769999999999996,69.908,
279,62.888,63.32,63.86,64.634,61.7,62.959999999999994,60.980000000000004,68.576,59.846000000000004,65.21,68.666,62.204,70.214,64.328,61.304,61.988,62.833999999999996,64.04,66.506,63.122,63.554,68.0,68.594,67.80199999999999,66.092,63.32,67.424,63.608,69.242,
280,62.582,62.959999999999994,64.202,63.986000000000004,61.718,62.312,60.206,67.298,59.95399999999999,64.652,68.414,62.168,70.826,64.04,60.908,61.97,63.068,63.41,66.29,62.275999999999996,63.608,68.036,68.648,68.108,65.55199999999999,63.013999999999996,67.604,63.032,68.702,
281,62.528000000000006,62.51,64.976,64.094,61.088,61.646,59.846000000000004,66.812,59.882,64.292,67.80199999999999,62.132,71.132,63.64399999999999,60.53,61.97,63.35600000000001,62.582,66.29,61.664,63.64399999999999,68.108,68.414,68.45,65.354,62.78,67.78399999999999,62.275999999999996,67.91,
282,62.672,62.096,64.778,64.31,61.10600000000001,60.998000000000005,59.18,66.218,60.044,64.166,67.00999999999999,62.204,70.664,63.392,60.29600000000001,61.88,63.571999999999996,61.988,66.146,61.25,63.482,67.85600000000001,67.928,68.72,65.264,62.690000000000005,67.748,61.736000000000004,66.74000000000001,
283,61.898,61.682,64.382,64.05799999999999,61.124,60.29600000000001,58.964,65.624,60.584,63.95,66.398,62.059999999999995,69.89,63.32,59.936,61.772,63.5,61.664,65.876,60.872,63.35600000000001,67.316,67.766,68.576,65.138,62.582,67.496,61.39399999999999,65.588,
284,62.096,61.268,63.842,64.202,61.88,59.63,58.784000000000006,65.246,60.872,63.733999999999995,65.60600000000001,61.718,69.152,63.41,59.558,61.718,63.32,61.214,65.642,60.638,63.392,66.812,67.352,68.108,64.778,62.51,67.244,61.196,64.364,
285,62.654,60.962,63.986000000000004,64.274,60.854,59.269999999999996,58.82,64.994,60.746,63.518,64.724,60.998000000000005,67.964,63.32,58.982,61.574,63.068,60.476,65.588,60.494,63.266000000000005,66.488,66.668,67.04599999999999,64.05799999999999,62.384,67.28,60.998000000000005,63.698,
286,63.032,60.728,64.166,64.382,60.656,59.0,58.856,64.79599999999999,60.692,63.374,64.148,59.99,66.578,63.338,58.262,61.358,62.528000000000006,59.809999999999995,65.44399999999999,60.403999999999996,62.942,66.218,66.182,65.53399999999999,63.464,62.294,67.244,60.422,63.248000000000005,
287,62.402,60.638,63.842,63.626,60.35,58.892,59.018,64.472,60.548,63.35600000000001,63.788,58.82,65.768,63.32,57.362,61.142,61.898,59.432,65.21,60.314,62.42,65.84,65.912,64.58,62.942,62.294,67.136,59.828,62.024,
288,61.286,60.422,63.248000000000005,62.888,60.943999999999996,58.964,58.586,63.193999999999996,60.152,63.176,63.446,58.01,65.57,63.122,56.462,60.89,61.016000000000005,59.414,64.958,60.188,61.988,65.408,65.55199999999999,63.878,62.402,62.078,66.632,59.378,61.016000000000005,
289,60.26,60.044,62.906000000000006,62.995999999999995,59.918,59.144,57.902,62.564,59.63,63.032,62.924,57.775999999999996,65.03,62.852,55.688,60.746,60.29600000000001,59.162,64.814,59.99,61.412,65.138,65.12,62.78,62.042,61.646,65.93,58.946000000000005,60.386,
290,60.007999999999996,60.044,62.312,62.762,59.594,59.306,57.2,61.88,59.126,62.546,62.348,57.992000000000004,64.436,62.492000000000004,55.31,60.565999999999995,59.882,59.036,64.616,59.594,60.512,65.21,64.778,61.826,61.376,61.088,65.39,58.496,59.666,
291,59.774,60.728,61.736000000000004,62.42,59.234,59.486000000000004,57.092,61.304,58.604,61.736000000000004,62.096,57.74,64.076,62.096,55.166,60.386,59.594,58.64,64.292,59.053999999999995,59.468,65.44399999999999,64.544,60.8,60.638,60.8,64.994,57.632,59.36,
292,58.856,60.692,61.304,62.132,59.126,59.648,56.444,60.692,58.172,60.458,61.843999999999994,56.821999999999996,63.751999999999995,61.772,55.04,60.224000000000004,58.982,58.1,63.806000000000004,58.532,59.018,65.39,64.346,60.17,60.278000000000006,60.818,64.79599999999999,56.588,59.18,
293,58.442,60.134,60.746,62.186,58.946000000000005,59.215999999999994,56.354,60.134,57.992000000000004,59.540000000000006,61.538,55.544,63.608,61.538,54.896,59.792,58.064,57.757999999999996,62.978,58.082,59.0,65.246,64.31,59.378,60.116,60.782,64.724,55.832,58.892,
294,58.172,59.63,59.846000000000004,61.196,58.459999999999994,59.162,56.21,60.098,57.757999999999996,58.55,61.232,55.04,63.554,61.088,55.004,59.396,57.272,57.686,62.186,57.848,58.946000000000005,65.012,64.328,58.226,59.9,60.512,64.58,55.544,58.568,
295,57.794,59.144,59.09,60.565999999999995,57.721999999999994,58.802,56.426,59.576,57.379999999999995,57.866,60.602,54.482,63.518,60.278000000000006,54.968,59.018,56.912,57.632,61.178000000000004,57.721999999999994,58.712,64.31,64.238,57.164,59.540000000000006,60.098,64.238,55.706,58.298,
296,57.74,58.676,58.442,59.828,57.056,58.658,56.75,58.91,56.858000000000004,57.47,59.9,53.816,63.086,59.468,54.806,58.748000000000005,56.768,57.794,59.99,57.686,58.568,63.41,64.094,56.768,59.108,59.809999999999995,63.554,55.903999999999996,58.244,
297,57.254,58.153999999999996,57.794,59.269999999999996,56.39,58.55,57.128,58.153999999999996,56.39,57.362,59.18,53.294,62.186,59.071999999999996,54.662,58.604,56.588,58.315999999999995,58.856,57.596000000000004,58.424,62.708,63.571999999999996,56.624,58.784000000000006,59.9,63.013999999999996,56.120000000000005,58.459999999999994,
298,56.678000000000004,57.578,57.146,59.071999999999996,55.94,58.748000000000005,56.336,57.434,56.246,57.379999999999995,58.244,52.97,61.61,58.712,54.59,58.442,56.48,58.946000000000005,57.397999999999996,57.452,58.226,62.275999999999996,62.816,56.192,58.513999999999996,59.576,62.6,56.102000000000004,58.604,
299,56.821999999999996,57.488,56.498,58.730000000000004,55.634,58.982,55.364000000000004,56.93,55.976,57.397999999999996,57.308,52.664,61.196,58.028000000000006,54.571999999999996,58.334,56.174,59.126,56.57,57.326,58.04600000000001,61.574,62.15,55.94,58.244,58.802,61.88,55.94,58.766,
300,56.588,56.552,55.742,58.730000000000004,55.147999999999996,59.36,54.356,56.426,55.49,57.47,56.804,52.178000000000004,60.584,57.164,54.554,58.298,55.598,59.0,55.976,57.182,57.902,60.89,61.88,55.364000000000004,58.04600000000001,57.92,61.16,55.796,59.0,
301,56.048,55.076,55.04,58.28,55.094,59.36,53.456,55.94,54.932,57.488,56.588,51.746,60.206,56.120000000000005,54.391999999999996,58.1,55.112,58.766,55.724000000000004,57.074,57.578,60.152,61.916000000000004,54.734,58.028000000000006,56.876,60.818,55.67,58.892,
302,55.634,54.5,54.212,57.92,55.544,58.856,52.628,55.202,54.5,57.397999999999996,56.516,51.674,59.63,55.04,54.158,57.434,54.86,58.334,55.508,56.786,57.146,59.18,61.412,54.158,57.974000000000004,56.174,60.26,55.742,58.315999999999995,
303,55.22,56.75,54.716,57.938,55.814,58.01,52.321999999999996,54.5,54.32,57.362,56.372,51.548,59.306,54.176,54.014,56.498,54.698,57.775999999999996,55.471999999999994,56.444,56.714,58.730000000000004,60.548,54.05,57.866,55.616,59.432,55.706,57.524,
304,54.806,56.354,54.59,57.70399999999999,55.454,57.416,52.106,53.744,54.338,57.416,56.120000000000005,51.206,59.018,53.816,53.798,55.85,54.662,56.786,55.382,56.03,56.48,58.388,59.432,53.996,57.632,55.202,59.036,55.652,56.821999999999996,
305,54.374,55.616,54.266,57.866,54.698,57.344,52.016,53.221999999999994,54.374,57.182,55.85,50.738,58.532,53.762,53.582,55.256,54.716,55.796,55.076,55.364000000000004,56.39,58.190000000000005,58.424,53.78,57.182,55.094,58.622,55.634,56.156,
306,53.942,54.734,53.870000000000005,57.542,54.122,56.858000000000004,52.124,52.574,54.428000000000004,56.696,55.652,50.378,58.136,53.726,53.456,54.77,54.662,54.41,54.68,54.662,56.552,58.118,57.092,53.132,56.606,54.752,57.866,55.634,55.418,
307,53.51,54.032,53.546,56.696,53.492,56.75,52.286,52.106,54.338,56.174,55.471999999999994,50.126,57.83,53.762,53.258,54.428000000000004,54.536,53.275999999999996,54.356,54.158,56.93,58.1,56.534,52.61,55.958,54.122,57.092,55.76,54.842,
308,53.006,53.33,53.221999999999994,55.94,53.06,57.092,52.16,51.746,54.23,55.796,55.292,49.928000000000004,57.578,53.870000000000005,52.897999999999996,54.14,54.356,52.466,54.194,53.564,57.254,57.974000000000004,56.120000000000005,52.412,55.328,53.78,56.624,55.724000000000004,54.391999999999996,
309,52.484,52.79,52.897999999999996,55.328,52.592,57.362,51.71,51.403999999999996,53.852000000000004,55.436,55.129999999999995,49.82,57.29,54.158,52.556,53.635999999999996,54.391999999999996,51.332,53.96,52.97,57.236,57.92,55.706,52.394,54.644,53.762,56.426,55.778000000000006,54.194,
310,52.07,52.556,52.538,54.734,52.538,57.542,51.403999999999996,50.954,53.384,54.788,55.094,49.856,57.164,54.374,52.448,53.114000000000004,54.248,50.594,53.582,52.448,56.66,57.83,55.4,52.376,54.212,53.726,56.318,56.012,54.068,
311,51.98,52.34,52.178000000000004,54.14,52.141999999999996,57.524,51.403999999999996,50.72,53.132,54.464,55.058,49.928000000000004,56.894,54.446,52.646,52.844,54.104,50.468,53.06,51.962,55.994,57.884,55.31,52.232,53.168,53.653999999999996,56.156,56.084,53.744,
312,51.89,51.944,51.836,53.474000000000004,52.124,57.397999999999996,51.26,50.378,52.61,54.266,54.932,49.928000000000004,56.39,54.248,52.879999999999995,52.808,53.96,50.414,52.484,51.764,55.67,58.01,55.238,51.908,51.152,53.906,56.138,55.885999999999996,53.42,
313,51.584,51.296,51.296,53.006,52.178000000000004,57.038,50.882,50.342,51.998,53.888,54.59,49.946,55.49,53.996,52.79,52.916,53.672,50.36,51.836,51.71,55.562,57.848,55.004,51.008,50.09,54.266,56.084,55.778000000000006,53.132,
314,51.116,50.774,50.971999999999994,52.574,52.124,56.552,50.666,50.522,51.638,53.221999999999994,54.032,49.82,54.571999999999996,53.852000000000004,52.358000000000004,52.952,53.204,50.378,51.152,51.746,55.382,57.326,54.536,50.324,49.388,54.446,55.868,55.76,52.879999999999995,
315,50.594,50.342,50.594,52.052,52.106,55.94,50.432,50.684,51.566,52.736,53.78,49.748,54.014,53.546,52.106,52.879999999999995,52.538,50.468,50.576,51.818,55.094,56.948,53.906,49.748,48.506,54.554,55.706,55.814,52.682,
316,50.054,49.946,50.144,51.872,51.998,55.31,50.27,50.629999999999995,51.494,52.268,53.708,49.604,53.69,53.168,52.052,52.862,52.016,50.486,49.982,51.674,54.878,56.588,53.42,49.406,47.821999999999996,54.356,55.454,55.634,52.538,
317,49.514,49.514,49.64,51.584,51.944,54.77,49.946,50.396,51.278000000000006,51.836,53.546,49.28,53.438,52.826,51.962,52.808,51.908,50.071999999999996,49.55,51.224000000000004,54.302,56.066,52.772,49.118,47.372,54.068,55.346000000000004,55.166,52.592,
318,48.92,48.992,49.1,51.296,51.692,54.14,49.82,49.64,50.954,51.512,53.204,48.92,53.258,52.25,52.016,52.502,51.764,49.478,49.298,50.756,53.564,55.778000000000006,51.998,48.002,46.94,53.762,55.094,54.302,52.682,
319,48.326,48.326,48.56,50.9,51.116,53.51,49.622,49.28,50.594,51.152,52.772,48.632,52.952,51.692,51.998,52.052,51.458,49.028000000000006,49.1,50.324,53.24,55.58,51.548,47.336,46.634,53.366,54.608000000000004,53.528000000000006,52.628,
320,47.732,47.84,48.056,50.54,50.738,52.754,49.766,48.866,50.306,51.025999999999996,52.034,48.397999999999996,52.466,51.08,51.656,51.944,51.08,48.848,48.794,49.82,53.221999999999994,55.112,51.242,46.85,46.454,53.132,53.96,52.16,52.43,
321,47.156,47.678000000000004,47.534,50.396,50.18,52.106,50.0,48.488,49.928000000000004,51.044,51.044,48.074,51.818,49.766,51.296,51.782,50.576,48.812,48.74,49.046,53.168,54.68,50.558,46.166,46.256,52.754,53.438,50.504,52.178000000000004,
322,46.58,47.39,46.976,50.378,49.694,51.602000000000004,50.09,48.092,49.604,51.008,50.18,47.821999999999996,51.008,48.236,51.062,51.494,50.198,48.74,48.47,47.93,53.006,54.554,49.784,45.824,46.148,52.016,52.574,48.992,51.926,
323,46.094,47.21,46.508,50.09,49.19,51.044,49.838,47.821999999999996,49.496,50.918,49.748,47.606,50.27,47.372,50.882,51.08,49.91,48.848,48.038,46.742,52.79,54.608000000000004,49.118,45.59,46.022,51.134,51.602000000000004,47.858000000000004,51.746,
324,45.698,46.832,46.076,49.766,49.1,50.486,49.586,47.408,49.46,50.9,49.532,47.444,49.406,47.012,50.684,50.9,49.658,48.902,47.768,45.5,52.448,54.554,49.046,45.32,45.86,50.558,51.044,46.994,51.566,
325,45.266,46.4,45.734,49.388,49.028000000000006,49.946,49.388,47.120000000000005,49.352000000000004,50.864000000000004,49.316,47.426,48.902,46.238,50.45,50.666,49.406,48.884,47.624,44.510000000000005,52.106,54.122,49.064,45.032,45.662,50.324,50.594,46.508,51.385999999999996,
326,44.798,45.986,45.392,49.082,49.334,49.316,49.046,46.724000000000004,49.226,50.918,49.226,47.606,48.83,45.824,50.306,50.468,49.153999999999996,48.938,47.3,43.628,51.403999999999996,53.258,48.632,44.672,45.392,50.144,50.198,46.346000000000004,50.954,
327,44.275999999999996,45.59,45.104,49.01,49.334,48.704,49.046,46.382,49.118,50.846000000000004,48.974000000000004,47.66,48.758,45.5,50.234,49.982,48.92,49.028000000000006,46.85,43.772,50.594,52.286,48.182,44.474000000000004,45.248000000000005,49.676,49.388,46.31,50.324,
328,43.879999999999995,45.248000000000005,44.888,48.812,49.262,47.984,49.046,45.968,48.938,50.684,48.614000000000004,47.606,48.218,45.248000000000005,50.126,49.496,48.794,48.956,46.238,43.664,49.964,51.656,48.02,44.456,45.212,48.974000000000004,49.153999999999996,46.31,49.748,
329,43.61,44.906,44.635999999999996,48.308,49.082,47.156,49.01,45.608,48.56,50.342,48.092,47.57,47.894,44.78,49.874,48.866,48.74,48.686,45.554,43.232,49.748,51.26,47.912,44.384,45.194,48.65,48.884,46.346000000000004,49.226,
330,43.394,44.528,44.474000000000004,48.182,48.92,46.508,48.974000000000004,45.212,48.2,49.946,47.588,47.462,47.552,44.239999999999995,49.532,48.038,48.686,48.218,44.852,42.8,49.694,50.684,47.678000000000004,44.294,45.194,47.966,48.326,46.508,48.902,
331,43.196,44.204,44.257999999999996,48.164,48.848,45.95,48.938,44.816,47.786,49.532,47.336,47.408,47.012,43.826,49.19,47.57,48.488,47.66,44.15,42.278,49.496,49.874,47.588,44.114000000000004,45.194,47.3,47.552,46.616,48.686,
332,42.998000000000005,43.988,44.06,48.272,48.397999999999996,45.41,48.938,44.33,47.228,49.064,47.3,47.372,46.508,43.538,48.956,47.282,48.146,46.958,42.908,41.774,49.208,49.388,47.66,43.897999999999996,45.104,47.948,47.03,46.418,48.002,
333,42.53,43.16,43.79,48.236,48.002,44.888,48.884,43.826,46.742,48.524,47.246,47.282,46.022,43.304,48.812,47.120000000000005,47.75,46.292,42.620000000000005,41.432,48.92,49.298,47.516,43.682,44.906,48.272,46.652,46.094,46.976,
334,42.152,42.728,43.646,48.362,47.264,44.402,48.848,43.358000000000004,46.292,48.11,46.742,46.616,45.59,43.088,48.542,46.976,47.48,45.824,42.422,41.18,48.74,49.1,47.264,43.501999999999995,44.653999999999996,48.218,46.4,45.644,46.382,
335,41.954,42.332,43.519999999999996,48.47,46.652,43.934,48.83,42.728,45.518,47.821999999999996,44.438,46.094,45.302,42.944,48.578,46.436,47.39,45.77,42.116,40.964,48.596000000000004,48.938,46.994,43.574,44.33,47.93,46.274,45.086,46.328,
336,41.972,42.116,43.412,48.506,46.525999999999996,43.394,48.794,42.044,44.978,47.606,43.916,45.608,45.05,42.854,48.02,45.806,47.156,45.734,42.242000000000004,40.802,48.308,48.775999999999996,46.796,43.61,43.952,47.318,46.184,44.69,46.274,
337,42.116,41.954,43.322,48.506,46.454,42.367999999999995,48.362,41.378,44.708,47.246,42.872,45.05,44.456,42.584,47.66,45.194,46.796,45.698,42.098,40.766,48.002,48.524,46.652,43.43,43.412,46.922,45.95,44.384,45.86,
338,42.025999999999996,41.774,43.141999999999996,48.47,46.364000000000004,42.242000000000004,48.488,40.891999999999996,44.564,46.49,41.684,44.204,43.718,42.296,47.228,44.474000000000004,46.436,45.536,41.9,40.694,47.75,48.182,46.598,42.818,43.016,46.706,45.716,44.168,45.32,
339,41.666,41.612,42.8,48.397999999999996,46.31,42.278,48.866,40.478,44.402,46.166,41.216,43.394,43.106,42.062,46.76,43.754000000000005,45.95,45.554,41.756,40.64,47.534,47.768,46.4,42.260000000000005,42.656,46.616,45.554,44.096000000000004,44.978,
340,41.162,41.629999999999995,42.296,48.344,46.22,42.296,48.884,40.172,43.97,46.094,39.866,42.764,42.602000000000004,41.81,46.202,42.998000000000005,45.356,45.482,41.612,40.730000000000004,47.336,47.408,46.094,41.828,42.260000000000005,46.508,45.338,44.078,44.672,
341,40.586,41.504000000000005,41.936,48.236,46.148,42.296,48.218,39.704,43.79,45.932,39.578,42.296,42.385999999999996,41.468,45.698,42.314,44.978,45.284,41.324,40.748000000000005,47.228,47.192,45.626,41.522,42.08,46.238,45.104,43.952,44.6,
342,39.884,41.378,41.684,48.128,46.364000000000004,42.403999999999996,47.894,39.326,43.718,45.806,39.398,42.025999999999996,42.044,41.162,45.05,41.72,44.708,44.96,40.946,40.694,47.120000000000005,47.102000000000004,44.96,41.306,41.936,45.788,44.816,43.879999999999995,44.635999999999996,
343,38.768,41.251999999999995,41.432,48.379999999999995,46.004,41.666,47.408,39.038,43.718,45.446,39.002,41.882000000000005,39.65,40.982,43.97,40.891999999999996,44.275999999999996,44.635999999999996,40.586,40.568,47.066,46.598,44.617999999999995,41.126000000000005,41.756,45.32,44.582,43.772,44.564,
344,38.012,41.072,41.18,47.714,45.77,41.45,46.903999999999996,39.128,43.682,44.96,38.732,41.864000000000004,39.416,40.891999999999996,43.123999999999995,40.586,44.006,44.384,40.208,40.388,47.03,46.184,44.348,40.964,41.432,44.852,44.492000000000004,43.646,44.312,
345,37.4,40.873999999999995,40.928,47.408,45.536,41.234,46.885999999999996,38.75,43.304,44.312,38.516,41.954,38.678,40.712,42.476,40.406,43.916,44.168,39.758,40.244,47.102000000000004,45.158,43.916,40.873999999999995,41.251999999999995,44.6,44.42,43.501999999999995,44.078,
346,36.878,40.766,40.568,47.156,45.356,41.054,47.426,38.768,41.684,43.556,38.606,41.954,38.534,40.298,42.098,40.226,43.826,44.078,39.056,40.172,47.156,43.232,43.214,40.712,41.126000000000005,44.510000000000005,44.33,43.232,43.97,
347,36.392,40.730000000000004,40.226,46.832,45.086,40.568,47.156,38.678,41.09,42.782,37.994,41.81,38.3,40.316,42.098,39.902,43.7,44.024,38.192,39.938,47.120000000000005,42.458,42.152,40.55,41.036,44.510000000000005,44.384,43.016,43.862,
348,35.942,40.856,40.244,46.724000000000004,44.798,40.172,46.76,38.552,40.64,42.548,37.903999999999996,41.72,38.12,39.812,41.954,39.47,43.646,43.97,37.58,39.758,47.156,41.738,41.18,40.568,40.694,44.33,44.312,42.89,43.844,
349,35.618,40.891999999999996,40.1,46.022,44.492000000000004,40.262,46.436,38.408,40.082,42.422,37.85,41.612,37.886,39.56,41.342,39.2,43.592,43.808,37.256,39.578,47.048,41.288,40.495999999999995,40.64,40.172,44.006,44.257999999999996,42.638,43.988,
350,35.114,40.891999999999996,40.064,45.932,44.114000000000004,39.398,46.22,38.282000000000004,39.848,42.403999999999996,37.814,41.594,37.562,39.434,40.928,37.147999999999996,43.466,43.664,36.554,39.398,46.85,40.604,40.046,40.712,39.776,43.808,44.275999999999996,42.53,43.988,
351,34.826,40.838,40.19,45.716,43.754000000000005,39.128,46.04,38.12,39.38,42.224000000000004,37.814,41.558,37.364,36.374,38.732,38.228,43.196,43.664,36.086,39.164,46.562,39.416,39.452,40.64,39.524,43.646,44.239999999999995,42.35,43.897999999999996,
352,34.7,40.712,39.308,45.23,43.394,38.534,45.788,37.958,39.182,41.162,37.724000000000004,41.432,35.474000000000004,36.374,38.516,37.868,42.908,43.574,35.78,38.984,46.076,38.93,39.524,40.424,39.29,43.34,44.06,42.08,43.664,
353,34.592,40.442,39.02,44.635999999999996,43.358000000000004,38.048,45.536,37.886,39.02,40.64,37.634,41.342,35.438,36.302,38.3,37.742,42.782,43.412,36.158,38.894,45.482,38.714,39.38,40.352000000000004,39.074,42.962,43.718,40.928,43.25,
354,34.52,40.19,38.714,44.042,43.016,37.67,45.212,37.778,38.966,39.992,38.084,41.378,37.166,36.266,38.084,36.914,42.836,43.16,36.068,38.804,45.122,38.678,39.344,40.244,39.02,42.602000000000004,43.412,40.028,42.926,
355,34.448,39.938,38.426,43.43,42.584,37.346000000000004,44.852,37.688,38.966,39.47,36.95,41.396,37.166,36.248,37.832,35.024,42.872,42.872,35.996,38.786,45.284,38.624,39.308,40.262,39.056,42.367999999999995,43.322,39.848,42.926,
356,34.394,39.704,38.21,42.8,41.792,37.094,44.366,37.616,39.02,39.056,36.86,41.378,37.04,36.194,37.562,35.996,42.584,42.566,36.122,38.822,45.518,38.642,39.254,40.226,39.128,41.864000000000004,43.268,39.668,42.926,
357,34.34,39.47,38.084,42.188,41.198,34.43,44.042,37.562,38.93,39.002,35.96,41.378,36.878,36.122,37.31,34.628,42.260000000000005,42.296,36.104,38.876,45.698,38.516,39.02,40.153999999999996,39.254,41.594,43.196,39.326,42.836,
358,34.268,39.254,37.922,41.612,40.64,34.016,43.34,37.508,38.839999999999996,38.768,35.582,41.342,36.716,34.448,37.742,35.96,42.062,42.116,36.05,39.02,45.662,38.39,38.732,39.992,39.254,41.234,42.908,38.282000000000004,42.620000000000005,
359,34.214,39.056,37.742,41.162,39.884,33.764,42.566,37.4,38.822,37.796,35.438,41.324,36.14,34.412,37.598,35.33,41.954,41.828,35.906,39.164,45.5,38.426,38.408,39.776,39.272,40.91,42.656,36.662,42.422,
360,34.16,38.606,37.562,40.478,39.434,33.62,41.936,37.238,38.786,37.364,35.474000000000004,41.234,36.104,35.042,37.472,34.772,41.936,41.468,35.906,39.254,45.194,38.498,38.066,39.524,39.362,40.478,42.367999999999995,36.158,42.152,
361,33.98,38.228,37.418,40.028,39.002,33.422,41.36,36.914,38.732,36.788,35.438,41.09,36.230000000000004,35.006,37.418,34.736,41.774,41.09,35.834,39.092,44.492000000000004,38.606,37.436,39.38,39.362,40.117999999999995,41.828,35.96,42.188,
362,33.854,37.903999999999996,37.292,39.704,38.606,33.206,40.748000000000005,36.752,38.714,36.626,35.42,40.946,36.14,35.06,37.364,34.124,41.414,40.694,35.996,38.768,43.826,38.534,36.788,39.434,39.29,39.74,41.522,35.834,42.242000000000004,
363,33.782,37.616,37.166,39.56,38.12,33.278,40.208,36.608,38.75,36.302,35.834,40.856,36.086,34.106,37.274,34.7,40.946,40.28,35.978,38.552,43.052,38.192,35.672,39.326,39.254,39.488,41.324,36.374,42.260000000000005,
364,33.746,37.382,37.04,39.362,37.49,32.36,39.686,36.5,38.768,36.392,35.474000000000004,40.873999999999995,35.996,34.106,37.256,33.422,40.64,39.632,35.852000000000004,38.354,42.422,37.832,34.754,39.254,39.217999999999996,39.326,40.946,36.428,42.260000000000005,
365,33.71,37.184,36.806,38.858,37.382,32.36,39.128,36.356,38.732,36.572,35.456,41.036,35.762,34.034,36.572,33.404,40.495999999999995,39.02,35.726,38.12,41.989999999999995,37.724000000000004,34.502,39.217999999999996,39.038,39.254,40.676,36.338,42.224000000000004,
366,,37.022,,,,32.36,,,,36.554,,,,33.926,,,,38.462,,,,37.562,,,,39.146,,,,
