Date,WaterTemp
1/1/11,33.368
1/2/11,33.044
1/3/11,34.43
1/4/11,33.494
1/5/11,34.25
1/6/11,33.908
1/7/11,33.638
1/8/11,33.494
1/9/11,33.08
1/10/11,33.134
1/11/11,33.152
1/12/11,33.062
1/13/11,33.044
1/14/11,32.846
1/15/11,32.36
1/16/11,32.846
1/17/11,32.36
1/18/11,32.666
1/19/11,32.666
1/20/11,32.594
1/21/11,32.648
1/22/11,32.576
1/23/11,32.468
1/24/11,32.36
1/25/11,32.36
1/26/11,32.36
1/27/11,32.36
1/28/11,32.36
1/29/11,32.36
1/30/11,32.36
1/31/11,32.36
2/1/11,32.36
2/2/11,32.36
2/3/11,32.36
2/4/11,32.36
2/5/11,32.36
2/6/11,32.36
2/7/11,32.36
2/8/11,32.36
2/9/11,32.36
2/10/11,32.36
2/11/11,32.36
2/12/11,32.36
2/13/11,32.36
2/14/11,32.36
2/15/11,32.486
2/16/11,32.54
2/17/11,32.36
2/18/11,32.36
2/19/11,32.756
2/20/11,32.792
2/21/11,32.774
2/22/11,32.72
2/23/11,32.36
2/24/11,32.36
2/25/11,32.36
2/26/11,32.36
2/27/11,32.36
2/28/11,32.36
3/1/11,32.36
3/2/11,32.36
3/3/11,32.36
3/4/11,32.36
3/5/11,32.36
3/6/11,32.36
3/7/11,32.36
3/8/11,32.36
3/9/11,32.36
3/10/11,32.36
3/11/11,32.36
3/12/11,32.36
3/13/11,32.36
3/14/11,32.36
3/15/11,32.36
3/16/11,32.36
3/17/11,32.36
3/18/11,33.062
3/19/11,32.954
3/20/11,33.674
3/21/11,33.62
3/22/11,33.764
3/23/11,33.944
3/24/11,32.36
3/25/11,33.026
3/26/11,32.756
3/27/11,33.872
3/28/11,33.998
3/29/11,34.358
3/30/11,34.394
3/31/11,34.412
4/1/11,34.592
4/2/11,34.754
4/3/11,35.132
4/4/11,35.708
4/5/11,36.194
4/6/11,36.77
4/7/11,37.562
4/8/11,38.048
4/9/11,38.3
4/10/11,38.408
4/11/11,38.3
4/12/11,38.3
4/13/11,38.282
4/14/11,38.48
4/15/11,38.642
4/16/11,38.804
4/17/11,38.93
4/18/11,39.146
4/19/11,39.416
4/20/11,39.848
4/21/11,40.244
4/22/11,40.46
4/23/11,40.838
4/24/11,41.18
4/25/11,41.828
4/26/11,42.314
4/27/11,42.548
4/28/11,42.854
4/29/11,42.98
4/30/11,42.98
5/1/11,43.664
5/2/11,44.366
5/3/11,44.564
5/4/11,44.528
5/5/11,44.708
5/6/11,45.41
5/7/11,46.4
5/8/11,47.03
5/9/11,47.372
5/10/11,47.462
5/11/11,47.516
5/12/11,48.218
5/13/11,49.19
5/14/11,49.496
5/15/11,50.234
5/16/11,51.044
5/17/11,51.656
5/18/11,52.16
5/19/11,52.52
5/20/11,52.88
5/21/11,54.14
5/22/11,55.742
5/23/11,55.868
5/24/11,55.472
5/25/11,56.03
5/26/11,57.794
5/27/11,59.594
5/28/11,60.746
5/29/11,61.754
5/30/11,62.96
5/31/11,63.41
6/1/11,61.682
6/2/11,60.296
6/3/11,60.746
6/4/11,62.168
6/5/11,64.022
6/6/11,65.714
6/7/11,66.236
6/8/11,66.56
6/9/11,66.164
6/10/11,65.048
6/11/11,64.454
6/12/11,63.914
6/13/11,63.446
6/14/11,63.374
6/15/11,63.608
6/16/11,64.292
6/17/11,64.994
6/18/11,65.84
6/19/11,66.128
6/20/11,66.074
6/21/11,66.506
6/22/11,67.172
6/23/11,67.442
6/24/11,67.568
6/25/11,67.748
6/26/11,67.838
6/27/11,67.928
6/28/11,68.018
6/29/11,68.072
6/30/11,68.576
7/1/11,69.44
7/2/11,70.214
7/3/11,70.988
7/4/11,71.636
7/5/11,72.392
7/6/11,73.04
7/7/11,73.31
7/8/11,73.706
7/9/11,74.102
7/10/11,74.894
7/11/11,75.218
7/12/11,75.164
7/13/11,74.966
7/14/11,74.966
7/15/11,75.47
7/16/11,75.992
7/17/11,76.604
7/18/11,77.126
7/19/11,77.738
7/20/11,78.476
7/21/11,79.034
7/22/11,79.232
7/23/11,79.178
7/24/11,78.962
7/25/11,78.764
7/26/11,78.638
7/27/11,78.422
7/28/11,78.476
7/29/11,78.422
7/30/11,78.512
7/31/11,78.8
8/1/11,78.746
8/2/11,78.494
8/3/11,78.458
8/4/11,78.494
8/5/11,78.638
8/6/11,78.764
8/7/11,78.638
8/8/11,78.476
8/9/11,78.008
8/10/11,77.396
8/11/11,76.982
8/12/11,76.766
8/13/11,76.838
8/14/11,76.496
8/15/11,75.866
8/16/11,75.74
8/17/11,75.704
8/18/11,75.83
8/19/11,76.334
8/20/11,76.424
8/21/11,75.848
8/22/11,75.254
8/23/11,74.93
8/24/11,74.48
8/25/11,74.048
8/26/11,73.832
8/27/11,73.706
8/28/11,73.742
8/29/11,73.724
8/30/11,73.688
8/31/11,74.03
9/1/11,74.696
9/2/11,75.686
9/3/11,76.55
9/4/11,76.64
9/5/11,75.848
9/6/11,74.75
9/7/11,73.454
9/8/11,71.96
9/9/11,70.97
9/10/11,70.592
9/11/11,70.34
9/12/11,70.142
9/13/11,69.962
9/14/11,69.71
9/15/11,69.116
9/16/11,68.36
9/17/11,67.676
9/18/11,67.334
9/19/11,67.352
9/20/11,67.37
9/21/11,67.298
9/22/11,67.244
9/23/11,67.244
9/24/11,67.208
9/25/11,67.082
9/26/11,66.92
9/27/11,66.776
9/28/11,66.344
9/29/11,65.516
9/30/11,64.652
10/1/11,63.698
10/2/11,62.996
10/3/11,62.654
10/4/11,62.654
10/5/11,62.672
10/6/11,62.834
10/7/11,63.068
10/8/11,63.356
10/9/11,63.572
10/10/11,63.5
10/11/11,63.32
10/12/11,63.068
10/13/11,62.528
10/14/11,61.898
10/15/11,61.016
10/16/11,60.296
10/17/11,59.882
10/18/11,59.594
10/19/11,58.982
10/20/11,58.064
10/21/11,57.272
10/22/11,56.912
10/23/11,56.768
10/24/11,56.588
10/25/11,56.48
10/26/11,56.174
10/27/11,55.598
10/28/11,55.112
10/29/11,54.86
10/30/11,54.698
10/31/11,54.662
11/1/11,54.716
11/2/11,54.662
11/3/11,54.536
11/4/11,54.356
11/5/11,54.392
11/6/11,54.248
11/7/11,54.104
11/8/11,53.96
11/9/11,53.672
11/10/11,53.204
11/11/11,52.538
11/12/11,52.016
11/13/11,51.908
11/14/11,51.764
11/15/11,51.458
11/16/11,51.08
11/17/11,50.576
11/18/11,50.198
11/19/11,49.91
11/20/11,49.658
11/21/11,49.406
11/22/11,49.154
11/23/11,48.92
11/24/11,48.794
11/25/11,48.74
11/26/11,48.686
11/27/11,48.488
11/28/11,48.146
11/29/11,47.75
11/30/11,47.48
12/1/11,47.39
12/2/11,47.156
12/3/11,46.796
12/4/11,46.436
12/5/11,45.95
12/6/11,45.356
12/7/11,44.978
12/8/11,44.708
12/9/11,44.276
12/10/11,44.006
12/11/11,43.916
12/12/11,43.826
12/13/11,43.7
12/14/11,43.646
12/15/11,43.592
12/16/11,43.466
12/17/11,43.196
12/18/11,42.908
12/19/11,42.782
12/20/11,42.836
12/21/11,42.872
12/22/11,42.584
12/23/11,42.26
12/24/11,42.062
12/25/11,41.954
12/26/11,41.936
12/27/11,41.774
12/28/11,41.414
12/29/11,40.946
12/30/11,40.64
12/31/11,40.496
1/1/12,40.298
1/2/12,39.902
1/3/12,39.506
1/4/12,39.29
1/5/12,39.254
1/6/12,39.218
1/7/12,39.128
1/8/12,38.876
1/9/12,38.984
1/10/12,39.11
1/11/12,39.164
1/12/12,39.056
1/13/12,38.786
1/14/12,38.282
1/15/12,37.814
1/16/12,37.508
1/17/12,37.652
1/18/12,37.67
1/19/12,37.544
1/20/12,37.184
1/21/12,36.302
1/22/12,36.284
1/23/12,36.41
1/24/12,36.32
1/25/12,36.14
1/26/12,34.178
1/27/12,35.87
1/28/12,35.834
1/29/12,35.816
1/30/12,35.834
1/31/12,35.726
2/1/12,35.798
2/2/12,36.014
2/3/12,36.05
2/4/12,36.14
2/5/12,36.122
2/6/12,36.248
2/7/12,36.266
2/8/12,36.014
2/9/12,35.816
2/10/12,35.708
2/11/12,35.492
2/12/12,35.186
2/13/12,34.7
2/14/12,34.628
2/15/12,34.61
2/16/12,34.844
2/17/12,34.916
2/18/12,34.952
2/19/12,34.88
2/20/12,34.736
2/21/12,34.772
2/22/12,34.844
2/23/12,34.916
2/24/12,34.97
2/25/12,35.006
2/26/12,35.078
2/27/12,35.168
2/28/12,35.24
2/29/12,35.294
3/1/12,35.402
3/2/12,35.6
3/3/12,35.636
3/4/12,35.996
3/5/12,36.086
3/6/12,35.996
3/7/12,36.176
3/8/12,36.536
3/9/12,36.77
3/10/12,37.094
3/11/12,37.454
3/12/12,37.994
3/13/12,38.534
3/14/12,38.768
3/15/12,39.344
3/16/12,40.226
3/17/12,41.396
3/18/12,41.882
3/19/12,42.386
3/20/12,43.358
3/21/12,44.33
3/22/12,44.528
3/23/12,43.988
3/24/12,43.304
3/25/12,42.674
3/26/12,42.152
3/27/12,42.206
3/28/12,42.854
3/29/12,42.962
3/30/12,42.818
3/31/12,42.71
4/1/12,42.692
4/2/12,42.8
4/3/12,42.872
4/4/12,43.142
4/5/12,43.25
4/6/12,43.448
4/7/12,43.718
4/8/12,43.826
4/9/12,43.826
4/10/12,43.934
4/11/12,44.096
4/12/12,44.348
4/13/12,44.852
4/14/12,45.212
4/15/12,45.554
4/16/12,45.968
4/17/12,46.094
4/18/12,46.346
4/19/12,46.49
4/20/12,46.508
4/21/12,46.418
4/22/12,46.382
4/23/12,46.346
4/24/12,46.328
4/25/12,46.49
4/26/12,46.742
4/27/12,46.868
4/28/12,46.958
4/29/12,47.192
4/30/12,47.804
5/1/12,48.992
5/2/12,50.828
5/3/12,52.16
5/4/12,51.89
5/5/12,51.278
5/6/12,51.134
5/7/12,51.62
5/8/12,52.214
5/9/12,52.43
5/10/12,52.628
5/11/12,53.168
5/12/12,53.888
5/13/12,55.202
5/14/12,56.822
5/15/12,57.632
5/16/12,57.236
5/17/12,57.074
5/18/12,58.154
5/19/12,59.72
5/20/12,60.962
5/21/12,61.952
5/22/12,61.898
5/23/12,61.79
5/24/12,62.744
5/25/12,63.464
5/26/12,63.932
5/27/12,64.67
5/28/12,65.984
5/29/12,65.84
5/30/12,64.958
5/31/12,64.598
6/1/12,63.95
6/2/12,62.726
6/3/12,61.538
6/4/12,61.07
6/5/12,61.322
6/6/12,61.718
6/7/12,62.456
6/8/12,63.176
6/9/12,64.364
6/10/12,65.534
6/11/12,65.858
6/12/12,65.552
6/13/12,65.39
6/14/12,65.498
6/15/12,65.66
6/16/12,66.236
6/17/12,67.172
6/18/12,68.09
6/19/12,69.368
6/20/12,70.412
6/21/12,71.06
6/22/12,71.33
6/23/12,71.366
6/24/12,71.132
6/25/12,70.826
6/26/12,70.682
6/27/12,70.898
6/28/12,71.672
6/29/12,72.374
6/30/12,72.86
7/1/12,73.184
7/2/12,73.886
7/3/12,74.57
7/4/12,75.182
7/5/12,75.65
7/6/12,76.19
7/7/12,76.766
7/8/12,76.55
7/9/12,76.19
7/10/12,76.064
7/11/12,76.172
7/12/12,76.604
7/13/12,76.82
7/14/12,76.82
7/15/12,77.198
7/16/12,77.612
7/17/12,77.738
7/18/12,77.558
7/19/12,77.018
7/20/12,76.136
7/21/12,76.028
7/22/12,76.46
7/23/12,76.838
7/24/12,76.676
7/25/12,76.55
7/26/12,76.73
7/27/12,76.73
7/28/12,76.514
7/29/12,76.496
7/30/12,76.964
7/31/12,77.252
8/1/12,77.432
8/2/12,77.972
8/3/12,78.728
8/4/12,78.656
8/5/12,78.008
8/6/12,77.666
8/7/12,77.468
8/8/12,77.324
8/9/12,77.18
8/10/12,76.658
8/11/12,75.884
8/12/12,75.362
8/13/12,75.11
8/14/12,74.714
8/15/12,74.678
8/16/12,74.768
8/17/12,74.642
8/18/12,74.66
8/19/12,74.696
8/20/12,74.732
8/21/12,74.912
8/22/12,75.146
8/23/12,75.218
8/24/12,75.308
8/25/12,75.434
8/26/12,75.236
8/27/12,74.876
8/28/12,74.606
8/29/12,74.66
8/30/12,74.624
8/31/12,74.624
9/1/12,74.642
9/2/12,74.696
9/3/12,74.786
9/4/12,74.66
9/5/12,74.516
9/6/12,74.678
9/7/12,74.624
9/8/12,74.174
9/9/12,73.706
9/10/12,73.382
9/11/12,72.914
9/12/12,72.644
9/13/12,72.446
9/14/12,72.032
9/15/12,71.636
9/16/12,71.384
9/17/12,71.042
9/18/12,70.538
9/19/12,69.818
9/20/12,69.35
9/21/12,68.648
9/22/12,67.442
9/23/12,66.416
9/24/12,65.966
9/25/12,65.534
9/26/12,65.12
9/27/12,64.706
9/28/12,64.598
9/29/12,64.49
9/30/12,64.274
10/1/12,64.094
10/2/12,64.076
10/3/12,64.112
10/4/12,64.22
10/5/12,64.04
10/6/12,63.41
10/7/12,62.582
10/8/12,61.988
10/9/12,61.664
10/10/12,61.214
10/11/12,60.476
10/12/12,59.81
10/13/12,59.432
10/14/12,59.414
10/15/12,59.162
10/16/12,59.036
10/17/12,58.64
10/18/12,58.1
10/19/12,57.758
10/20/12,57.686
10/21/12,57.632
10/22/12,57.794
10/23/12,58.316
10/24/12,58.946
10/25/12,59.126
10/26/12,59
10/27/12,58.766
10/28/12,58.334
10/29/12,57.776
10/30/12,56.786
10/31/12,55.796
11/1/12,54.41
11/2/12,53.276
11/3/12,52.466
11/4/12,51.332
11/5/12,50.594
11/6/12,50.468
11/7/12,50.414
11/8/12,50.36
11/9/12,50.378
11/10/12,50.468
11/11/12,50.486
11/12/12,50.072
11/13/12,49.478
11/14/12,49.028
11/15/12,48.848
11/16/12,48.812
11/17/12,48.74
11/18/12,48.848
11/19/12,48.902
11/20/12,48.884
11/21/12,48.938
11/22/12,49.028
11/23/12,48.956
11/24/12,48.686
11/25/12,48.218
11/26/12,47.66
11/27/12,46.958
11/28/12,46.292
11/29/12,45.824
11/30/12,45.77
12/1/12,45.734
12/2/12,45.698
12/3/12,45.536
12/4/12,45.554
12/5/12,45.482
12/6/12,45.284
12/7/12,44.96
12/8/12,44.636
12/9/12,44.384
12/10/12,44.168
12/11/12,44.078
12/12/12,44.024
12/13/12,43.97
12/14/12,43.808
12/15/12,43.664
12/16/12,43.664
12/17/12,43.574
12/18/12,43.412
12/19/12,43.16
12/20/12,42.872
12/21/12,42.566
12/22/12,42.296
12/23/12,42.116
12/24/12,41.828
12/25/12,41.468
12/26/12,41.09
12/27/12,40.694
12/28/12,40.28
12/29/12,39.632
12/30/12,39.02
12/31/12,38.462
1/1/13,38.192
1/2/13,37.814
1/3/13,37.49
1/4/13,37.364
1/5/13,37.292
1/6/13,37.256
1/7/13,37.22
1/8/13,37.166
1/9/13,37.292
1/10/13,37.346
1/11/13,37.418
1/12/13,37.418
1/13/13,37.364
1/14/13,37.256
1/15/13,37.058
1/16/13,37.004
1/17/13,36.842
1/18/13,36.608
1/19/13,36.356
1/20/13,35.942
1/21/13,35.654
1/22/13,34.916
1/23/13,34.07
1/24/13,33.998
1/25/13,33.656
1/26/13,33.512
1/27/13,33.764
1/28/13,33.692
1/29/13,34.07
1/30/13,33.962
1/31/13,34.286
2/1/13,34.214
2/2/13,34.142
2/3/13,34.034
2/4/13,33.854
2/5/13,32.702
2/6/13,32.72
2/7/13,32.648
2/8/13,32.774
2/9/13,32.666
2/10/13,32.504
2/11/13,32.612
2/12/13,32.792
2/13/13,32.738
2/14/13,32.774
2/15/13,32.666
2/16/13,32.666
2/17/13,32.504
2/18/13,32.522
2/19/13,32.504
2/20/13,32.522
2/21/13,32.522
2/22/13,32.36
2/23/13,32.36
2/24/13,32.36
2/25/13,32.396
2/26/13,32.414
2/27/13,32.414
2/28/13,32.522
3/1/13,32.45
3/2/13,32.486
3/3/13,32.36
3/4/13,32.558
3/5/13,32.522
3/6/13,32.576
3/7/13,32.648
3/8/13,32.972
3/9/13,32.846
3/10/13,32.846
3/11/13,33.098
3/12/13,33.098
3/13/13,33.422
3/14/13,33.44
3/15/13,33.458
3/16/13,33.458
3/17/13,33.404
3/18/13,33.386
3/19/13,33.35
3/20/13,33.836
3/21/13,34.142
3/22/13,34.124
3/23/13,34.124
3/24/13,34.25
3/25/13,34.502
3/26/13,34.718
3/27/13,34.844
3/28/13,34.916
3/29/13,34.988
3/30/13,35.186
3/31/13,35.312
4/1/13,35.366
4/2/13,35.42
4/3/13,35.6
4/4/13,35.924
4/5/13,36.302
4/6/13,36.68
4/7/13,37.328
4/8/13,37.526
4/9/13,37.652
4/10/13,37.76
4/11/13,37.922
4/12/13,38.228
4/13/13,38.714
4/14/13,38.912
4/15/13,39.326
4/16/13,39.686
4/17/13,39.866
4/18/13,40.118
4/19/13,40.316
4/20/13,40.316
4/21/13,40.424
4/22/13,40.964
4/23/13,41.18
4/24/13,41.396
4/25/13,41.612
4/26/13,42.224
4/27/13,43.016
4/28/13,43.592
4/29/13,44.384
4/30/13,45.464
5/1/13,46.364
5/2/13,46.58
5/3/13,46.85
5/4/13,47.192
5/5/13,47.696
5/6/13,48.434
5/7/13,49.514
5/8/13,50.972
5/9/13,52.088
5/10/13,51.584
5/11/13,50.198
5/12/13,49.352
5/13/13,49.442
5/14/13,50.18
5/15/13,50.864
5/16/13,51.044
5/17/13,51.386
5/18/13,52.556
5/19/13,53.96
5/20/13,55.742
5/21/13,56.66
5/22/13,56.84
5/23/13,55.706
5/24/13,53.978
5/25/13,53.42
5/26/13,53.51
5/27/13,53.906
5/28/13,54.734
5/29/13,55.94
5/30/13,57.056
5/31/13,57.56
6/1/13,57.47
6/2/13,57.29
6/3/13,57.47
6/4/13,57.794
6/5/13,58.082
6/6/13,58.136
6/7/13,58.154
6/8/13,58.946
6/9/13,59.684
6/10/13,60.242
6/11/13,60.8
6/12/13,61.034
6/13/13,61.088
6/14/13,61.178
6/15/13,61.646
6/16/13,62.528
6/17/13,63.248
6/18/13,63.284
6/19/13,63.392
6/20/13,64.076
6/21/13,64.868
6/22/13,65.984
6/23/13,67.676
6/24/13,69.062
6/25/13,69.242
6/26/13,69.134
6/27/13,69.404
6/28/13,69.53
6/29/13,70.016
6/30/13,70.358
7/1/13,70.412
7/2/13,70.052
7/3/13,70.07
7/4/13,70.772
7/5/13,71.708
7/6/13,72.482
7/7/13,72.752
7/8/13,72.734
7/9/13,73.148
7/10/13,73.112
7/11/13,72.824
7/12/13,72.95
7/13/13,73.706
7/14/13,74.84
7/15/13,76.352
7/16/13,77.828
7/17/13,78.764
7/18/13,79.124
7/19/13,79.016
7/20/13,78.332
7/21/13,77.18
7/22/13,76.442
7/23/13,75.83
7/24/13,75.29
7/25/13,74.984
7/26/13,74.84
7/27/13,74.516
7/28/13,73.724
7/29/13,72.77
7/30/13,72.356
7/31/13,72.41
8/1/13,72.194
8/2/13,72.086
8/3/13,71.996
8/4/13,71.816
8/5/13,71.564
8/6/13,71.672
8/7/13,71.798
8/8/13,71.978
8/9/13,72.212
8/10/13,72.302
8/11/13,72.41
8/12/13,72.302
8/13/13,71.78
8/14/13,71.384
8/15/13,71.24
8/16/13,71.456
8/17/13,71.744
8/18/13,72.356
8/19/13,72.86
8/20/13,73.13
8/21/13,73.508
8/22/13,73.508
8/23/13,73.238
8/24/13,73.238
8/25/13,73.292
8/26/13,73.454
8/27/13,73.778
8/28/13,74.282
8/29/13,74.822
8/30/13,75.164
8/31/13,74.876
9/1/13,74.354
9/2/13,73.994
9/3/13,73.454
9/4/13,73.22
9/5/13,73.022
9/6/13,72.752
9/7/13,72.698
9/8/13,72.68
9/9/13,72.95
9/10/13,73.544
9/11/13,73.472
9/12/13,72.752
9/13/13,71.798
9/14/13,71.024
9/15/13,70.394
9/16/13,69.62
9/17/13,69.278
9/18/13,68.936
9/19/13,68.702
9/20/13,68.558
9/21/13,68.126
9/22/13,67.676
9/23/13,67.28
9/24/13,67.172
9/25/13,67.118
9/26/13,67.01
9/27/13,66.938
9/28/13,66.974
9/29/13,67.01
9/30/13,67.064
10/1/13,67.208
10/2/13,67.424
10/3/13,67.388
10/4/13,67.154
10/5/13,66.812
10/6/13,66.506
10/7/13,66.29
10/8/13,66.29
10/9/13,66.146
10/10/13,65.876
10/11/13,65.642
10/12/13,65.588
10/13/13,65.444
10/14/13,65.21
10/15/13,64.958
10/16/13,64.814
10/17/13,64.616
10/18/13,64.292
10/19/13,63.806
10/20/13,62.978
10/21/13,62.186
10/22/13,61.178
10/23/13,59.99
10/24/13,58.856
10/25/13,57.398
10/26/13,56.57
10/27/13,55.976
10/28/13,55.724
10/29/13,55.508
10/30/13,55.472
10/31/13,55.382
11/1/13,55.076
11/2/13,54.68
11/3/13,54.356
11/4/13,54.194
11/5/13,53.96
11/6/13,53.582
11/7/13,53.06
11/8/13,52.484
11/9/13,51.836
11/10/13,51.152
11/11/13,50.576
11/12/13,49.982
11/13/13,49.55
11/14/13,49.298
11/15/13,49.1
11/16/13,48.794
11/17/13,48.74
11/18/13,48.47
11/19/13,48.038
11/20/13,47.768
11/21/13,47.624
11/22/13,47.3
11/23/13,46.85
11/24/13,46.238
11/25/13,45.554
11/26/13,44.852
11/27/13,44.15
11/28/13,42.908
11/29/13,42.62
11/30/13,42.422
12/1/13,42.116
12/2/13,42.242
12/3/13,42.098
12/4/13,41.9
12/5/13,41.756
12/6/13,41.612
12/7/13,41.324
12/8/13,40.946
12/9/13,40.586
12/10/13,40.208
12/11/13,39.758
12/12/13,39.056
12/13/13,38.192
12/14/13,37.58
12/15/13,37.256
12/16/13,36.554
12/17/13,36.086
12/18/13,35.78
12/19/13,36.158
12/20/13,36.068
12/21/13,35.996
12/22/13,36.122
12/23/13,36.104
12/24/13,36.05
12/25/13,35.906
12/26/13,35.906
12/27/13,35.834
12/28/13,35.996
12/29/13,35.978
12/30/13,35.852
12/31/13,35.726
1/1/14,35.258
1/2/14,34.484
1/3/14,33.368
1/4/14,33.152
1/5/14,33.674
1/6/14,33.53
1/7/14,32.846
1/8/14,32.576
1/9/14,32.432
1/10/14,32.432
1/11/14,32.414
1/12/14,32.432
1/13/14,32.63
1/14/14,32.666
1/15/14,32.666
1/16/14,32.648
1/17/14,32.558
1/18/14,32.54
1/19/14,32.36
1/20/14,32.36
1/21/14,32.36
1/22/14,32.36
1/23/14,32.36
1/24/14,32.36
1/25/14,32.36
1/26/14,32.36
1/27/14,32.36
1/28/14,32.36
1/29/14,32.36
1/30/14,32.36
1/31/14,32.36
2/1/14,32.36
2/2/14,32.36
2/3/14,32.36
2/4/14,32.36
2/5/14,32.36
2/6/14,32.36
2/7/14,32.36
2/8/14,32.36
2/9/14,32.36
2/10/14,32.36
2/11/14,32.36
2/12/14,32.36
2/13/14,32.36
2/14/14,32.36
2/15/14,32.36
2/16/14,32.36
2/17/14,32.36
2/18/14,32.36
2/19/14,32.36
2/20/14,32.36
2/21/14,32.432
2/22/14,32.414
2/23/14,32.36
2/24/14,32.45
2/25/14,32.36
2/26/14,32.36
2/27/14,32.36
2/28/14,32.36
3/1/14,32.36
3/2/14,32.36
3/3/14,32.36
3/4/14,32.36
3/5/14,32.36
3/6/14,32.36
3/7/14,32.36
3/8/14,32.36
3/9/14,32.36
3/10/14,32.36
3/11/14,32.396
3/12/14,32.36
3/13/14,32.36
3/14/14,32.36
3/15/14,32.36
3/16/14,32.36
3/17/14,32.36
3/18/14,32.36
3/19/14,32.36
3/20/14,32.36
3/21/14,32.36
3/22/14,32.36
3/23/14,32.36
3/24/14,32.522
3/25/14,32.486
3/26/14,32.594
3/27/14,32.576
3/28/14,32.486
3/29/14,32.36
3/30/14,32.36
3/31/14,33.422
4/1/14,33.404
4/2/14,33.494
4/3/14,33.458
4/4/14,33.728
4/5/14,33.71
4/6/14,33.8
4/7/14,34.304
4/8/14,34.394
4/9/14,34.646
4/10/14,34.97
4/11/14,35.33
4/12/14,35.654
4/13/14,36.14
4/14/14,36.428
4/15/14,36.41
4/16/14,36.824
4/17/14,37.184
4/18/14,37.472
4/19/14,37.616
4/20/14,38.03
4/21/14,38.228
4/22/14,38.588
4/23/14,38.984
4/24/14,39.344
4/25/14,39.614
4/26/14,39.83
4/27/14,39.902
4/28/14,40.046
4/29/14,40.154
4/30/14,40.496
5/1/14,41.144
5/2/14,41.576
5/3/14,42.044
5/4/14,42.404
5/5/14,42.62
5/6/14,43.016
5/7/14,43.682
5/8/14,44.906
5/9/14,45.878
5/10/14,46.544
5/11/14,47.048
5/12/14,48.578
5/13/14,50.45
5/14/14,50.252
5/15/14,49.352
5/16/14,48.902
5/17/14,48.866
5/18/14,49.064
5/19/14,49.604
5/20/14,50.504
5/21/14,51.8
5/22/14,52.178
5/23/14,52.43
5/24/14,53.24
5/25/14,54.536
5/26/14,55.562
5/27/14,56.318
5/28/14,57.164
5/29/14,57.866
5/30/14,58.586
5/31/14,59.234
6/1/14,59.828
6/2/14,60.548
6/3/14,61.124
6/4/14,61.178
6/5/14,61.196
6/6/14,61.52
6/7/14,62.258
6/8/14,62.456
6/9/14,62.636
6/10/14,62.852
6/11/14,62.816
6/12/14,62.798
6/13/14,64.238
6/14/14,64.292
6/15/14,64.49
6/16/14,65.534
6/17/14,66.308
6/18/14,66.524
6/19/14,66.758
6/20/14,67.298
6/21/14,67.928
6/22/14,68.45
6/23/14,68.864
6/24/14,69.494
6/25/14,70.196
6/26/14,70.7
6/27/14,71.366
6/28/14,72.266
6/29/14,72.716
6/30/14,72.86
7/1/14,72.86
7/2/14,72.644
7/3/14,72.212
7/4/14,71.834
7/5/14,71.636
7/6/14,71.546
7/7/14,71.42
7/8/14,71.042
7/9/14,70.916
7/10/14,71.222
7/11/14,71.672
7/12/14,72.194
7/13/14,72.374
7/14/14,72.284
7/15/14,71.924
7/16/14,71.618
7/17/14,71.6
7/18/14,71.69
7/19/14,72.302
7/20/14,72.932
7/21/14,73.652
7/22/14,74.192
7/23/14,73.796
7/24/14,72.5
7/25/14,72.05
7/26/14,72.14
7/27/14,72.194
7/28/14,71.888
7/29/14,71.456
7/30/14,71.276
7/31/14,71.24
8/1/14,71.402
8/2/14,71.888
8/3/14,72.338
8/4/14,72.554
8/5/14,72.482
8/6/14,72.32
8/7/14,72.212
8/8/14,72.266
8/9/14,72.356
8/10/14,72.356
8/11/14,72.176
8/12/14,71.834
8/13/14,71.528
8/14/14,71.096
8/15/14,70.682
8/16/14,70.538
8/17/14,70.574
8/18/14,70.682
8/19/14,70.88
8/20/14,71.366
8/21/14,71.834
8/22/14,72.284
8/23/14,72.482
8/24/14,72.59
8/25/14,72.986
8/26/14,73.256
8/27/14,73.076
8/28/14,72.788
8/29/14,72.77
8/30/14,72.86
8/31/14,72.914
9/1/14,72.968
9/2/14,73.256
9/3/14,73.562
9/4/14,73.778
9/5/14,73.958
9/6/14,73.616
9/7/14,73.418
9/8/14,73.364
9/9/14,73.184
9/10/14,72.806
9/11/14,72.176
9/12/14,71.186
9/13/14,70.088
9/14/14,69.152
9/15/14,68.738
9/16/14,68.468
9/17/14,68.216
9/18/14,67.892
9/19/14,67.694
9/20/14,67.46
9/21/14,67.316
9/22/14,67.28
9/23/14,66.218
9/24/14,66.236
9/25/14,66.47
9/26/14,66.794
9/27/14,67.1
9/28/14,67.37
9/29/14,67.694
9/30/14,67.424
10/1/14,66.776
10/2/14,66.434
10/3/14,66.254
10/4/14,65.624
10/5/14,64.418
10/6/14,63.122
10/7/14,62.276
10/8/14,61.664
10/9/14,61.25
10/10/14,60.872
10/11/14,60.638
10/12/14,60.494
10/13/14,60.404
10/14/14,60.314
10/15/14,60.188
10/16/14,59.99
10/17/14,59.594
10/18/14,59.054
10/19/14,58.532
10/20/14,58.082
10/21/14,57.848
10/22/14,57.722
10/23/14,57.686
10/24/14,57.596
10/25/14,57.452
10/26/14,57.326
10/27/14,57.182
10/28/14,57.074
10/29/14,56.786
10/30/14,56.444
10/31/14,56.03
11/1/14,55.364
11/2/14,54.662
11/3/14,54.158
11/4/14,53.564
11/5/14,52.97
11/6/14,52.448
11/7/14,51.962
11/8/14,51.764
11/9/14,51.71
11/10/14,51.746
11/11/14,51.818
11/12/14,51.674
11/13/14,51.224
11/14/14,50.756
11/15/14,50.324
11/16/14,49.82
11/17/14,49.046
11/18/14,47.93
11/19/14,46.742
11/20/14,45.5
11/21/14,44.51
11/22/14,43.628
11/23/14,43.772
11/24/14,43.664
11/25/14,43.232
11/26/14,42.8
11/27/14,42.278
11/28/14,41.774
11/29/14,41.432
11/30/14,41.18
12/1/14,40.964
12/2/14,40.802
12/3/14,40.766
12/4/14,40.694
12/5/14,40.64
12/6/14,40.73
12/7/14,40.748
12/8/14,40.694
12/9/14,40.568
12/10/14,40.388
12/11/14,40.244
12/12/14,40.172
12/13/14,39.938
12/14/14,39.758
12/15/14,39.578
12/16/14,39.398
12/17/14,39.164
12/18/14,38.984
12/19/14,38.894
12/20/14,38.804
12/21/14,38.786
12/22/14,38.822
12/23/14,38.876
12/24/14,39.02
12/25/14,39.164
12/26/14,39.254
12/27/14,39.092
12/28/14,38.768
12/29/14,38.552
12/30/14,38.354
12/31/14,38.12
1/1/15,37.994
1/2/15,37.958
1/3/15,37.868
1/4/15,37.904
1/5/15,37.418
1/6/15,36.806
1/7/15,36.23
1/8/15,35.132
1/9/15,34.484
1/10/15,33.476
1/11/15,33.116
1/12/15,33.008
1/13/15,32.54
1/14/15,32.504
1/15/15,32.504
1/16/15,32.36
1/17/15,32.36
1/18/15,32.36
1/19/15,32.468
1/20/15,32.468
1/21/15,32.432
1/22/15,32.432
1/23/15,32.396
1/24/15,32.414
1/25/15,32.558
1/26/15,32.576
1/27/15,32.36
1/28/15,32.36
1/29/15,32.36
1/30/15,32.36
1/31/15,32.36
2/1/15,32.36
2/2/15,32.36
2/3/15,32.36
2/4/15,32.36
2/5/15,32.36
2/6/15,32.36
2/7/15,32.36
2/8/15,32.36
2/9/15,32.36
2/10/15,32.36
2/11/15,32.36
2/12/15,32.36
2/13/15,32.36
2/14/15,32.36
2/15/15,32.36
2/16/15,32.36
2/17/15,32.36
2/18/15,32.36
2/19/15,32.36
2/20/15,32.36
2/21/15,32.36
2/22/15,32.36
2/23/15,32.36
2/24/15,32.36
2/25/15,32.36
2/26/15,32.36
2/27/15,32.36
2/28/15,32.36
3/1/15,32.36
3/2/15,32.36
3/3/15,32.36
3/4/15,32.36
3/5/15,32.36
3/6/15,32.36
3/7/15,32.378
3/8/15,32.36
3/9/15,32.36
3/10/15,32.45
3/11/15,32.45
3/12/15,32.414
3/13/15,32.414
3/14/15,32.432
3/15/15,32.432
3/16/15,32.486
3/17/15,32.468
3/18/15,32.54
3/19/15,32.54
3/20/15,32.558
3/21/15,32.36
3/22/15,32.36
3/23/15,32.594
3/24/15,32.45
3/25/15,32.45
3/26/15,32.45
3/27/15,32.522
3/28/15,32.54
3/29/15,32.72
3/30/15,32.882
3/31/15,32.954
4/1/15,33.152
4/2/15,33.26
4/3/15,33.314
4/4/15,33.638
4/5/15,33.746
4/6/15,34.016
4/7/15,34.232
4/8/15,34.574
4/9/15,34.592
4/10/15,34.808
4/11/15,35.276
4/12/15,35.636
4/13/15,36.284
4/14/15,36.572
4/15/15,37.202
4/16/15,37.814
4/17/15,38.264
4/18/15,38.444
4/19/15,38.282
4/20/15,39.722
4/21/15,39.434
4/22/15,39.56
4/23/15,39.632
4/24/15,39.686
4/25/15,40.046
4/26/15,40.352
4/27/15,40.694
4/28/15,41.306
4/29/15,42.008
4/30/15,42.764
5/1/15,43.448
5/2/15,44.546
5/3/15,45.392
5/4/15,45.95
5/5/15,46.958
5/6/15,48.776
5/7/15,50.54
5/8/15,52.16
5/9/15,53.348
5/10/15,54.266
5/11/15,55.202
5/12/15,53.582
5/13/15,50.846
5/14/15,50.234
5/15/15,51.08
5/16/15,52.178
5/17/15,53.078
5/18/15,53.006
5/19/15,52.394
5/20/15,51.926
5/21/15,51.566
5/22/15,51.656
5/23/15,52.556
5/24/15,53.132
5/25/15,53.852
5/26/15,55.094
5/27/15,56.246
5/28/15,57.182
5/29/15,57.686
5/30/15,58.19
5/31/15,57.47
6/1/15,56.12
6/2/15,55.472
6/3/15,55.652
6/4/15,56.282
6/5/15,56.84
6/6/15,57.146
6/7/15,57.56
6/8/15,58.064
6/9/15,58.784
6/10/15,59.468
6/11/15,59.846
6/12/15,60.458
6/13/15,61.502
6/14/15,62.618
6/15/15,63.572
6/16/15,64.184
6/17/15,64.742
6/18/15,65.174
6/19/15,65.588
6/20/15,65.948
6/21/15,66.2
6/22/15,66.362
6/23/15,66.308
6/24/15,66.254
6/25/15,66.326
6/26/15,66.2
6/27/15,66.2
6/28/15,66.236
6/29/15,65.354
6/30/15,65.84
7/1/15,66.038
7/2/15,66.182
7/3/15,66.632
7/4/15,67.478
7/5/15,67.91
7/6/15,68.864
7/7/15,69.242
7/8/15,68.954
7/9/15,68.882
7/10/15,69.242
7/11/15,70.142
7/12/15,70.484
7/13/15,70.772
7/14/15,70.61
7/15/15,70.106
7/16/15,69.98
7/17/15,70.52
7/18/15,71.294
7/19/15,71.924
7/20/15,72.266
7/21/15,72.428
7/22/15,72.482
7/23/15,72.698
7/24/15,73.04
7/25/15,73.544
7/26/15,74.3
7/27/15,75.164
7/28/15,75.74
7/29/15,75.74
7/30/15,75.326
7/31/15,75.146
8/1/15,75.02
8/2/15,74.858
8/3/15,74.534
8/4/15,74.156
8/5/15,74.012
8/6/15,73.976
8/7/15,73.976
8/8/15,73.904
8/9/15,73.796
8/10/15,73.688
8/11/15,73.526
8/12/15,73.382
8/13/15,73.454
8/14/15,73.922
8/15/15,74.444
8/16/15,74.804
8/17/15,75.128
8/18/15,75.146
8/19/15,75.146
8/20/15,74.57
8/21/15,73.904
8/22/15,73.832
8/23/15,74.084
8/24/15,73.85
8/25/15,73.4
8/26/15,72.806
8/27/15,72.086
8/28/15,71.996
8/29/15,72.68
8/30/15,73.184
8/31/15,73.544
9/1/15,74.246
9/2/15,74.84
9/3/15,75.362
9/4/15,75.632
9/5/15,75.848
9/6/15,76.208
9/7/15,76.424
9/8/15,76.262
9/9/15,75.47
9/10/15,74.552
9/11/15,73.778
9/12/15,72.482
9/13/15,71.222
9/14/15,70.718
9/15/15,70.628
9/16/15,70.808
9/17/15,70.988
9/18/15,70.88
9/19/15,70.412
9/20/15,70.034
9/21/15,69.854
9/22/15,69.692
9/23/15,69.746
9/24/15,69.728
9/25/15,69.602
9/26/15,69.314
9/27/15,68.864
9/28/15,68.396
9/29/15,68.162
9/30/15,67.568
10/1/15,66.794
10/2/15,65.642
10/3/15,64.562
10/4/15,63.752
10/5/15,63.536
10/6/15,63.554
10/7/15,63.608
10/8/15,63.644
10/9/15,63.482
10/10/15,63.356
10/11/15,63.392
10/12/15,63.266
10/13/15,62.942
10/14/15,62.42
10/15/15,61.988
10/16/15,61.412
10/17/15,60.512
10/18/15,59.468
10/19/15,59.018
10/20/15,59
10/21/15,58.946
10/22/15,58.712
10/23/15,58.568
10/24/15,58.424
10/25/15,58.226
10/26/15,58.046
10/27/15,57.902
10/28/15,57.578
10/29/15,57.146
10/30/15,56.714
10/31/15,56.48
11/1/15,56.39
11/2/15,56.552
11/3/15,56.93
11/4/15,57.254
11/5/15,57.236
11/6/15,56.66
11/7/15,55.994
11/8/15,55.67
11/9/15,55.562
11/10/15,55.382
11/11/15,55.094
11/12/15,54.878
11/13/15,54.302
11/14/15,53.564
11/15/15,53.24
11/16/15,53.222
11/17/15,53.168
11/18/15,53.006
11/19/15,52.79
11/20/15,52.448
11/21/15,52.106
11/22/15,51.404
11/23/15,50.594
11/24/15,49.964
11/25/15,49.748
11/26/15,49.694
11/27/15,49.496
11/28/15,49.208
11/29/15,48.92
11/30/15,48.74
12/1/15,48.596
12/2/15,48.308
12/3/15,48.002
12/4/15,47.75
12/5/15,47.534
12/6/15,47.336
12/7/15,47.228
12/8/15,47.12
12/9/15,47.066
12/10/15,47.03
12/11/15,47.102
12/12/15,47.156
12/13/15,47.12
12/14/15,47.156
12/15/15,47.048
12/16/15,46.85
12/17/15,46.562
12/18/15,46.076
12/19/15,45.482
12/20/15,45.122
12/21/15,45.284
12/22/15,45.518
12/23/15,45.698
12/24/15,45.662
12/25/15,45.5
12/26/15,45.194
12/27/15,44.492
12/28/15,43.826
12/29/15,43.052
12/30/15,42.422
12/31/15,41.99
1/1/16,41.666
1/2/16,41.432
1/3/16,41.198
1/4/16,40.766
1/5/16,40.46
1/6/16,40.334
1/7/16,40.316
1/8/16,40.334
1/9/16,40.316
1/10/16,40.226
1/11/16,40.028
1/12/16,39.578
1/13/16,39.074
1/14/16,38.588
1/15/16,38.228
1/16/16,37.598
1/17/16,37.058
1/18/16,36.284
1/19/16,35.546
1/20/16,35.24
1/21/16,34.88
1/22/16,34.646
1/23/16,34.61
1/24/16,34.484
1/25/16,34.646
1/26/16,34.538
1/27/16,34.52
1/28/16,34.61
1/29/16,34.43
1/30/16,34.304
1/31/16,34.646
2/1/16,35.06
2/2/16,35.15
2/3/16,35.438
2/4/16,35.438
2/5/16,35.222
2/6/16,35.15
2/7/16,35.132
2/8/16,35.132
2/9/16,35.096
2/10/16,34.97
2/11/16,34.754
2/12/16,34.628
2/13/16,33.53
2/14/16,32.792
2/15/16,32.54
2/16/16,32.756
2/17/16,32.792
2/18/16,32.684
2/19/16,32.972
2/20/16,33.188
2/21/16,33.17
2/22/16,33.512
2/23/16,33.584
2/24/16,33.314
2/25/16,33.134
2/26/16,33.746
2/27/16,33.8
2/28/16,34.178
2/29/16,34.43
3/1/16,34.394
3/2/16,34.232
3/3/16,34.106
3/4/16,34.106
3/5/16,34.268
3/6/16,34.466
3/7/16,35.312
3/8/16,35.978
3/9/16,36.374
3/10/16,36.482
3/11/16,36.446
3/12/16,36.5
3/13/16,36.734
3/14/16,36.932
3/15/16,37.058
3/16/16,37.094
3/17/16,37.13
3/18/16,37.166
3/19/16,37.13
3/20/16,37.112
3/21/16,37.166
3/22/16,37.508
3/23/16,38.012
3/24/16,38.336
3/25/16,38.444
3/26/16,38.552
3/27/16,38.894
3/28/16,39.146
3/29/16,39.254
3/30/16,39.308
3/31/16,39.38
4/1/16,39.524
4/2/16,39.596
4/3/16,39.524
4/4/16,39.272
4/5/16,39.182
4/6/16,39.236
4/7/16,39.38
4/8/16,39.506
4/9/16,39.542
4/10/16,39.632
4/11/16,39.722
4/12/16,39.704
4/13/16,40.01
4/14/16,40.496
4/15/16,41.108
4/16/16,41.774
4/17/16,42.368
4/18/16,42.818
4/19/16,42.89
4/20/16,42.98
4/21/16,43.214
4/22/16,43.61
4/23/16,43.79
4/24/16,43.898
4/25/16,44.078
4/26/16,44.33
4/27/16,44.564
4/28/16,44.726
4/29/16,44.798
4/30/16,44.888
5/1/16,45.536
5/2/16,46.292
5/3/16,46.76
5/4/16,47.048
5/5/16,47.3
5/6/16,47.678
5/7/16,47.858
5/8/16,47.804
5/9/16,47.948
5/10/16,48.362
5/11/16,48.812
5/12/16,49.298
5/13/16,49.658
5/14/16,49.874
5/15/16,49.73
5/16/16,49.748
5/17/16,50.45
5/18/16,51.044
5/19/16,51.728
5/20/16,52.538
5/21/16,53.492
5/22/16,54.608
5/23/16,55.472
5/24/16,56.354
5/25/16,57.182
5/26/16,58.316
5/27/16,60.134
5/28/16,61.772
5/29/16,62.672
5/30/16,63.032
5/31/16,63.212
6/1/16,63.086
6/2/16,63.374
6/3/16,63.86
6/4/16,63.644
6/5/16,63.212
6/6/16,63.05
6/7/16,62.798
6/8/16,62.204
6/9/16,61.88
6/10/16,62.222
6/11/16,62.888
6/12/16,63.158
6/13/16,63.338
6/14/16,63.95
6/15/16,64.544
6/16/16,65.228
6/17/16,65.822
6/18/16,66.74
6/19/16,68.072
6/20/16,68.486
6/21/16,68.558
6/22/16,68.612
6/23/16,68.72
6/24/16,68.99
6/25/16,69.548
6/26/16,69.926
6/27/16,70.178
6/28/16,70.142
6/29/16,69.872
6/30/16,69.98
7/1/16,69.836
7/2/16,69.674
7/3/16,69.98
7/4/16,70.43
7/5/16,71.258
7/6/16,71.834
7/7/16,72.572
7/8/16,73.31
7/9/16,73.382
7/10/16,73.418
7/11/16,74.03
7/12/16,74.876
7/13/16,75.056
7/14/16,74.66
7/15/16,74.228
7/16/16,74.12
7/17/16,74.228
7/18/16,74.462
7/19/16,74.606
7/20/16,74.822
7/21/16,75.092
7/22/16,75.74
7/23/16,76.316
7/24/16,76.568
7/25/16,76.784
7/26/16,76.91
7/27/16,77.018
7/28/16,77.198
7/29/16,77.45
7/30/16,77.648
7/31/16,77.792
8/1/16,78.026
8/2/16,78.35
8/3/16,78.638
8/4/16,78.962
8/5/16,79.016
8/6/16,78.728
8/7/16,78.548
8/8/16,78.44
8/9/16,78.458
8/10/16,78.98
8/11/16,79.304
8/12/16,79.43
8/13/16,79.322
8/14/16,78.926
8/15/16,78.512
8/16/16,78.134
8/17/16,77.918
8/18/16,77.9
8/19/16,78.098
8/20/16,78.26
8/21/16,77.936
8/22/16,77.594
8/23/16,77.198
8/24/16,77.126
8/25/16,77.414
8/26/16,77.81
8/27/16,77.936
8/28/16,77.9
8/29/16,77.882
8/30/16,77.72
8/31/16,77.162
9/1/16,76.424
9/2/16,75.848
9/3/16,75.56
9/4/16,75.542
9/5/16,75.758
9/6/16,76.262
9/7/16,76.874
9/8/16,76.928
9/9/16,76.73
9/10/16,76.334
9/11/16,75.884
9/12/16,75.668
9/13/16,75.506
9/14/16,75.164
9/15/16,74.696
9/16/16,74.39
9/17/16,74.336
9/18/16,74.336
9/19/16,74.516
9/20/16,74.534
9/21/16,74.48
9/22/16,74.516
9/23/16,74.372
9/24/16,73.634
9/25/16,72.986
9/26/16,72.32
9/27/16,71.654
9/28/16,71.294
9/29/16,70.772
9/30/16,69.854
10/1/16,68.882
10/2/16,68.306
10/3/16,68.072
10/4/16,68.018
10/5/16,68
10/6/16,68.036
10/7/16,68.108
10/8/16,67.856
10/9/16,67.316
10/10/16,66.812
10/11/16,66.488
10/12/16,66.218
10/13/16,65.84
10/14/16,65.408
10/15/16,65.138
10/16/16,65.21
10/17/16,65.444
10/18/16,65.39
10/19/16,65.246
10/20/16,65.012
10/21/16,64.31
10/22/16,63.41
10/23/16,62.708
10/24/16,62.276
10/25/16,61.574
10/26/16,60.89
10/27/16,60.152
10/28/16,59.18
10/29/16,58.73
10/30/16,58.388
10/31/16,58.19
11/1/16,58.118
11/2/16,58.1
11/3/16,57.974
11/4/16,57.92
11/5/16,57.83
11/6/16,57.884
11/7/16,58.01
11/8/16,57.848
11/9/16,57.326
11/10/16,56.948
11/11/16,56.588
11/12/16,56.066
11/13/16,55.778
11/14/16,55.58
11/15/16,55.112
11/16/16,54.68
11/17/16,54.554
11/18/16,54.608
11/19/16,54.554
11/20/16,54.122
11/21/16,53.258
11/22/16,52.286
11/23/16,51.656
11/24/16,51.26
11/25/16,50.684
11/26/16,49.874
11/27/16,49.388
11/28/16,49.298
11/29/16,49.1
11/30/16,48.938
12/1/16,48.776
12/2/16,48.524
12/3/16,48.182
12/4/16,47.768
12/5/16,47.408
12/6/16,47.192
12/7/16,47.102
12/8/16,46.598
12/9/16,46.184
12/10/16,45.158
12/11/16,43.232
12/12/16,42.458
12/13/16,41.738
12/14/16,41.288
12/15/16,40.604
12/16/16,39.416
12/17/16,38.93
12/18/16,38.714
12/19/16,38.678
12/20/16,38.624
12/21/16,38.642
12/22/16,38.516
12/23/16,38.39
12/24/16,38.426
12/25/16,38.498
12/26/16,38.606
12/27/16,38.534
12/28/16,38.192
12/29/16,37.832
12/30/16,37.724
12/31/16,37.562
1/1/17,37.508
1/2/17,37.49
1/3/17,37.418
1/4/17,37.31
1/5/17,37.076
1/6/17,36.338
1/7/17,35.906
1/8/17,35.402
1/9/17,35.132
1/10/17,34.538
1/11/17,34.556
1/12/17,34.736
1/13/17,34.898
1/14/17,34.79
1/15/17,34.952
1/16/17,34.286
1/17/17,34.322
1/18/17,34.826
1/19/17,34.916
1/20/17,35.186
1/21/17,35.294
1/22/17,35.33
1/23/17,35.168
1/24/17,35.024
1/25/17,34.88
1/26/17,34.79
1/27/17,34.682
1/28/17,34.52
1/29/17,34.448
1/30/17,34.376
1/31/17,34.412
2/1/17,34.43
2/2/17,34.358
2/3/17,34.142
2/4/17,33.782
2/5/17,33.728
2/6/17,33.53
2/7/17,33.458
2/8/17,33.332
2/9/17,33.944
2/10/17,34.052
2/11/17,34.106
2/12/17,34.034
2/13/17,33.836
2/14/17,33.944
2/15/17,34.106
2/16/17,34.394
2/17/17,34.664
2/18/17,35.006
2/19/17,35.294
2/20/17,35.222
2/21/17,35.33
2/22/17,35.888
2/23/17,36.32
2/24/17,36.248
2/25/17,35.906
2/26/17,35.762
2/27/17,35.816
2/28/17,35.816
3/1/17,35.87
3/2/17,35.852
3/3/17,35.78
3/4/17,35.708
3/5/17,35.708
3/6/17,35.924
3/7/17,36.32
3/8/17,36.554
3/9/17,36.518
3/10/17,36.338
3/11/17,36.068
3/12/17,35.744
3/13/17,35.384
3/14/17,35.042
3/15/17,34.79
3/16/17,34.682
3/17/17,34.718
3/18/17,34.79
3/19/17,34.916
3/20/17,35.06
3/21/17,35.078
3/22/17,35.006
3/23/17,35.06
3/24/17,35.24
3/25/17,35.582
3/26/17,36.176
3/27/17,36.878
3/28/17,37.364
3/29/17,37.634
3/30/17,37.724
3/31/17,37.778
4/1/17,37.868
4/2/17,37.976
4/3/17,38.21
4/4/17,38.462
4/5/17,38.696
4/6/17,39.074
4/7/17,39.236
4/8/17,39.47
4/9/17,39.632
4/10/17,39.866
4/11/17,40.352
4/12/17,40.982
4/13/17,41.396
4/14/17,41.954
4/15/17,42.692
4/16/17,43.376
4/17/17,43.628
4/18/17,43.556
4/19/17,43.754
4/20/17,44.24
4/21/17,44.6
4/22/17,44.852
4/23/17,45.338
4/24/17,45.59
4/25/17,45.878
4/26/17,46.382
4/27/17,46.49
4/28/17,46.544
4/29/17,46.742
4/30/17,47.048
5/1/17,47.192
5/2/17,47.372
5/3/17,47.588
5/4/17,47.678
5/5/17,47.678
5/6/17,47.588
5/7/17,47.498
5/8/17,47.588
5/9/17,47.876
5/10/17,48.236
5/11/17,48.812
5/12/17,49.37
5/13/17,49.982
5/14/17,50.288
5/15/17,50.594
5/16/17,51.152
5/17/17,52.016
5/18/17,53.276
5/19/17,53.168
5/20/17,52.646
5/21/17,52.898
5/22/17,53.492
5/23/17,54.176
5/24/17,55.202
5/25/17,56.39
5/26/17,56.93
5/27/17,57.38
5/28/17,57.794
5/29/17,58.01
5/30/17,58.406
5/31/17,58.694
6/1/17,58.982
6/2/17,59.396
6/3/17,60.026
6/4/17,60.26
6/5/17,60.296
6/6/17,60.332
6/7/17,60.386
6/8/17,60.8
6/9/17,61.538
6/10/17,62.132
6/11/17,63.014
6/12/17,64.436
6/13/17,65.552
6/14/17,66.11
6/15/17,66.722
6/16/17,67.694
6/17/17,68.36
6/18/17,68.684
6/19/17,68.63
6/20/17,68.342
6/21/17,68.216
6/22/17,68.216
6/23/17,68.072
6/24/17,67.964
6/25/17,67.82
6/26/17,67.568
6/27/17,67.37
6/28/17,67.316
6/29/17,67.982
6/30/17,68.666
7/1/17,69.044
7/2/17,69.422
7/3/17,69.944
7/4/17,70.358
7/5/17,70.88
7/6/17,71.384
7/7/17,71.546
7/8/17,71.384
7/9/17,71.438
7/10/17,71.618
7/11/17,71.906
7/12/17,72.338
7/13/17,72.662
7/14/17,72.896
7/15/17,73.022
7/16/17,73.184
7/17/17,73.454
7/18/17,74.066
7/19/17,74.822
7/20/17,75.11
7/21/17,75.11
7/22/17,75.056
7/23/17,75.038
7/24/17,74.786
7/25/17,74.372
7/26/17,74.336
7/27/17,74.57
7/28/17,74.336
7/29/17,73.904
7/30/17,73.904
7/31/17,74.318
8/1/17,74.876
8/2/17,75.2
8/3/17,75.164
8/4/17,74.48
8/5/17,73.382
8/6/17,72.878
8/7/17,72.734
8/8/17,72.59
8/9/17,72.644
8/10/17,72.896
8/11/17,73.004
8/12/17,72.932
8/13/17,73.094
8/14/17,73.634
8/15/17,73.778
8/16/17,73.94
8/17/17,73.976
8/18/17,73.85
8/19/17,73.778
8/20/17,73.94
8/21/17,74.192
8/22/17,73.976
8/23/17,73.598
8/24/17,73.256
8/25/17,72.896
8/26/17,72.68
8/27/17,72.59
8/28/17,72.446
8/29/17,72.284
8/30/17,72.212
8/31/17,71.924
9/1/17,71.222
9/2/17,70.268
9/3/17,69.494
9/4/17,69.35
9/5/17,69.188
9/6/17,68.972
9/7/17,68.774
9/8/17,68.45
9/9/17,68.252
9/10/17,68.09
9/11/17,68.072
9/12/17,68.432
9/13/17,68.846
9/14/17,69.098
9/15/17,69.386
9/16/17,69.944
9/17/17,70.592
9/18/17,71.15
9/19/17,71.834
9/20/17,72.518
9/21/17,72.914
9/22/17,73.31
9/23/17,73.904
9/24/17,74.552
9/25/17,74.912
9/26/17,75.272
9/27/17,74.894
9/28/17,73.436
9/29/17,71.69
9/30/17,70.196
10/1/17,69.35
10/2/17,68.846
10/3/17,68.702
10/4/17,68.702
10/5/17,68.576
10/6/17,68.594
10/7/17,68.648
10/8/17,68.414
10/9/17,67.928
10/10/17,67.766
10/11/17,67.352
10/12/17,66.668
10/13/17,66.182
10/14/17,65.912
10/15/17,65.552
10/16/17,65.12
10/17/17,64.778
10/18/17,64.544
10/19/17,64.346
10/20/17,64.31
10/21/17,64.328
10/22/17,64.238
10/23/17,64.094
10/24/17,63.572
10/25/17,62.816
10/26/17,62.15
10/27/17,61.88
10/28/17,61.916
10/29/17,61.412
10/30/17,60.548
10/31/17,59.432
11/1/17,58.424
11/2/17,57.092
11/3/17,56.534
11/4/17,56.12
11/5/17,55.706
11/6/17,55.4
11/7/17,55.31
11/8/17,55.238
11/9/17,55.004
11/10/17,54.536
11/11/17,53.906
11/12/17,53.42
11/13/17,52.772
11/14/17,51.998
11/15/17,51.548
11/16/17,51.242
11/17/17,50.558
11/18/17,49.784
11/19/17,49.118
11/20/17,49.046
11/21/17,49.064
11/22/17,48.632
11/23/17,48.182
11/24/17,48.02
11/25/17,47.912
11/26/17,47.678
11/27/17,47.588
11/28/17,47.66
11/29/17,47.516
11/30/17,47.264
12/1/17,46.994
12/2/17,46.796
12/3/17,46.652
12/4/17,46.598
12/5/17,46.4
12/6/17,46.094
12/7/17,45.626
12/8/17,44.96
12/9/17,44.618
12/10/17,44.348
12/11/17,43.916
12/12/17,43.214
12/13/17,42.152
12/14/17,41.18
12/15/17,40.496
12/16/17,40.046
12/17/17,39.452
12/18/17,39.524
12/19/17,39.38
12/20/17,39.344
12/21/17,39.308
12/22/17,39.254
12/23/17,39.02
12/24/17,38.732
12/25/17,38.408
12/26/17,38.066
12/27/17,37.436
12/28/17,36.788
12/29/17,35.672
12/30/17,34.754
12/31/17,34.502
1/1/18,34.304
1/2/18,34.214
1/3/18,33.782
1/4/18,33.098
1/5/18,32.738
1/6/18,32.36
1/7/18,32.36
1/8/18,32.648
1/9/18,32.666
1/10/18,32.702
1/11/18,32.36
1/12/18,32.882
1/13/18,32.522
1/14/18,32.432
1/15/18,32.396
1/16/18,32.378
1/17/18,32.414
1/18/18,32.45
1/19/18,32.36
1/20/18,32.36
1/21/18,32.36
1/22/18,32.378
1/23/18,32.378
1/24/18,32.36
1/25/18,32.36
1/26/18,32.774
1/27/18,32.81
1/28/18,32.828
1/29/18,32.738
1/30/18,32.666
1/31/18,32.378
2/1/18,32.666
2/2/18,32.738
2/3/18,32.774
2/4/18,32.36
2/5/18,32.36
2/6/18,32.36
2/7/18,32.36
2/8/18,32.36
2/9/18,32.36
2/10/18,32.36
2/11/18,32.36
2/12/18,32.36
2/13/18,32.36
2/14/18,32.36
2/15/18,32.36
2/16/18,32.36
2/17/18,32.36
2/18/18,32.36
2/19/18,32.684
2/20/18,32.72
2/21/18,32.792
2/22/18,32.396
2/23/18,32.36
2/24/18,32.36
2/25/18,33.098
2/26/18,33.296
2/27/18,33.584
2/28/18,33.602
3/1/18,33.728
3/2/18,33.764
3/3/18,33.854
3/4/18,33.944
3/5/18,33.926
3/6/18,33.89
3/7/18,33.89
3/8/18,33.908
3/9/18,33.836
3/10/18,33.746
3/11/18,33.746
3/12/18,33.782
3/13/18,33.89
3/14/18,33.998
3/15/18,34.07
3/16/18,34.16
3/17/18,34.286
3/18/18,34.448
3/19/18,34.448
3/20/18,34.358
3/21/18,34.43
3/22/18,34.592
3/23/18,34.79
3/24/18,34.934
3/25/18,35.042
3/26/18,35.042
3/27/18,35.006
3/28/18,35.024
3/29/18,35.078
3/30/18,35.294
3/31/18,35.474
4/1/18,35.654
4/2/18,35.762
4/3/18,35.816
4/4/18,35.924
4/5/18,36.05
4/6/18,36.068
4/7/18,36.104
4/8/18,36.104
4/9/18,36.104
4/10/18,36.194
4/11/18,36.302
4/12/18,36.518
4/13/18,37.04
4/14/18,37.418
4/15/18,37.724
4/16/18,38.3
4/17/18,38.444
4/18/18,38.498
4/19/18,38.444
4/20/18,38.498
4/21/18,38.804
4/22/18,39.308
4/23/18,39.956
4/24/18,41.162
4/25/18,43.088
4/26/18,42.71
4/27/18,41.954
4/28/18,41.72
4/29/18,41.756
4/30/18,42.188
5/1/18,42.908
5/2/18,43.394
5/3/18,43.862
5/4/18,44.672
5/5/18,45.608
5/6/18,46.778
5/7/18,47.768
5/8/18,49.01
5/9/18,49.442
5/10/18,49.064
5/11/18,48.884
5/12/18,49.046
5/13/18,49.172
5/14/18,49.622
5/15/18,50.72
5/16/18,52.034
5/17/18,52.916
5/18/18,53.204
5/19/18,54.122
5/20/18,54.446
5/21/18,54.896
5/22/18,56.102
5/23/18,56.786
5/24/18,57.722
5/25/18,59.324
5/26/18,61.376
5/27/18,63.806
5/28/18,65.336
5/29/18,65.606
5/30/18,64.904
5/31/18,64.04
6/1/18,63.338
6/2/18,62.492
6/3/18,61.97
6/4/18,61.466
6/5/18,61.16
6/6/18,61.196
6/7/18,61.574
6/8/18,62.258
6/9/18,62.6
6/10/18,62.546
6/11/18,62.51
6/12/18,62.762
6/13/18,63.518
6/14/18,64.004
6/15/18,64.544
6/16/18,65.606
6/17/18,66.938
6/18/18,67.622
6/19/18,67.568
6/20/18,67.334
6/21/18,67.28
6/22/18,67.748
6/23/18,67.856
6/24/18,67.784
6/25/18,68.036
6/26/18,69.008
6/27/18,70.88
6/28/18,72.212
6/29/18,72.95
6/30/18,74.048
7/1/18,75.038
7/2/18,75.434
7/3/18,75.866
7/4/18,76.892
7/5/18,76.658
7/6/18,74.984
7/7/18,74.12
7/8/18,74.12
7/9/18,74.318
7/10/18,74.39
7/11/18,74.372
7/12/18,74.57
7/13/18,75.326
7/14/18,76.01
7/15/18,76.784
7/16/18,76.91
7/17/18,76.442
7/18/18,76.046
7/19/18,75.812
7/20/18,75.758
7/21/18,75.74
7/22/18,75.704
7/23/18,75.578
7/24/18,75.542
7/25/18,75.65
7/26/18,75.488
7/27/18,75.092
7/28/18,74.858
7/29/18,74.912
7/30/18,75.128
7/31/18,75.398
8/1/18,75.722
8/2/18,75.992
8/3/18,76.1
8/4/18,76.352
8/5/18,76.766
8/6/18,77.018
8/7/18,76.91
8/8/18,76.604
8/9/18,76.496
8/10/18,76.784
8/11/18,77.126
8/12/18,77.216
8/13/18,77.126
8/14/18,77.09
8/15/18,76.964
8/16/18,76.658
8/17/18,76.226
8/18/18,75.902
8/19/18,75.614
8/20/18,75.488
8/21/18,75.236
8/22/18,74.858
8/23/18,74.696
8/24/18,74.534
8/25/18,74.624
8/26/18,74.93
8/27/18,75.47
8/28/18,75.578
8/29/18,75.542
8/30/18,75.344
8/31/18,75.218
9/1/18,75.65
9/2/18,76.28
9/3/18,76.748
9/4/18,77.486
9/5/18,78.152
9/6/18,78.098
9/7/18,77.396
9/8/18,76.316
9/9/18,74.93
9/10/18,73.418
9/11/18,72.14
9/12/18,71.762
9/13/18,71.996
9/14/18,72.428
9/15/18,72.824
9/16/18,73.166
9/17/18,73.274
9/18/18,73.31
9/19/18,73.058
9/20/18,72.878
9/21/18,72.896
9/22/18,72.158
9/23/18,71.096
9/24/18,70.646
9/25/18,70.448
9/26/18,69.908
9/27/18,69.35
9/28/18,69.098
9/29/18,68.9
9/30/18,68.612
10/1/18,68.414
10/2/18,68.09
10/3/18,67.874
10/4/18,67.658
10/5/18,67.55
10/6/18,67.802
10/7/18,68.108
10/8/18,68.45
10/9/18,68.72
10/10/18,68.576
10/11/18,68.108
10/12/18,67.046
10/13/18,65.534
10/14/18,64.58
10/15/18,63.878
10/16/18,62.78
10/17/18,61.826
10/18/18,60.8
10/19/18,60.17
10/20/18,59.378
10/21/18,58.226
10/22/18,57.164
10/23/18,56.768
10/24/18,56.624
10/25/18,56.192
10/26/18,55.94
10/27/18,55.364
10/28/18,54.734
10/29/18,54.158
10/30/18,54.05
10/31/18,53.996
11/1/18,53.78
11/2/18,53.132
11/3/18,52.61
11/4/18,52.412
11/5/18,52.394
11/6/18,52.376
11/7/18,52.232
11/8/18,51.908
11/9/18,51.008
11/10/18,50.324
11/11/18,49.748
11/12/18,49.406
11/13/18,49.118
11/14/18,48.002
11/15/18,47.336
11/16/18,46.85
11/17/18,46.166
11/18/18,45.824
11/19/18,45.59
11/20/18,45.32
11/21/18,45.032
11/22/18,44.672
11/23/18,44.474
11/24/18,44.456
11/25/18,44.384
11/26/18,44.294
11/27/18,44.114
11/28/18,43.898
11/29/18,43.682
11/30/18,43.502
12/1/18,43.574
12/2/18,43.61
12/3/18,43.43
12/4/18,42.818
12/5/18,42.26
12/6/18,41.828
12/7/18,41.522
12/8/18,41.306
12/9/18,41.126
12/10/18,40.964
12/11/18,40.874
12/12/18,40.712
12/13/18,40.55
12/14/18,40.568
12/15/18,40.64
12/16/18,40.712
12/17/18,40.64
12/18/18,40.424
12/19/18,40.352
12/20/18,40.244
12/21/18,40.262
12/22/18,40.226
12/23/18,40.154
12/24/18,39.992
12/25/18,39.776
12/26/18,39.524
12/27/18,39.38
12/28/18,39.434
12/29/18,39.326
12/30/18,39.254
12/31/18,39.218